connections,min_ms,avg_ms,max_ms,stddev_ms
3,0.32,4.94,90.74,19.69
4,0.39,0.63,0.93,0.12
5,0.35,0.46,0.59,0.07
6,0.22,0.27,0.52,0.06
7,0.24,0.28,0.33,0.02
8,0.27,0.30,0.38,0.03
9,0.24,0.27,0.33,0.02
10,0.25,0.27,0.28,0.01
11,0.24,0.27,0.31,0.02
12,0.22,0.25,0.28,0.01
13,0.16,0.21,0.29,0.04
14,0.15,0.20,0.29,0.03
15,0.15,0.19,0.22,0.01
16,0.15,0.19,0.23,0.02
17,0.16,0.18,0.21,0.01
18,0.16,0.18,0.21,0.01
19,0.15,0.18,0.23,0.02
20,0.15,0.19,0.22,0.02
21,0.16,0.19,0.22,0.02
22,0.16,0.19,0.22,0.02
23,0.16,0.20,0.24,0.02
24,0.15,0.20,0.25,0.03
25,0.15,0.19,0.23,0.02
26,0.16,0.20,0.22,0.02
27,0.16,0.20,0.23,0.02
28,0.17,0.20,0.23,0.02
29,0.17,0.20,0.24,0.02
30,0.18,0.22,0.24,0.01
31,0.20,0.22,0.26,0.02
32,0.16,0.21,0.25,0.02
33,0.19,0.22,0.26,0.02
34,0.19,0.21,0.24,0.02
35,0.19,0.22,0.27,0.02
36,0.18,0.22,0.27,0.03
37,0.20,0.23,0.27,0.02
38,0.17,0.22,0.27,0.03
39,0.13,0.18,0.24,0.02
40,0.16,0.19,0.23,0.02
41,0.20,0.24,0.29,0.02
42,0.20,0.23,0.30,0.03
43,0.23,0.26,0.29,0.02
44,0.23,0.26,0.29,0.02
45,0.22,0.26,0.29,0.02
46,0.24,0.27,0.32,0.02
47,0.22,0.27,0.31,0.02
48,0.22,0.28,0.33,0.03
49,0.21,0.26,0.31,0.03
50,0.22,0.27,0.32,0.03
51,0.24,0.29,0.33,0.02
52,0.24,0.29,0.35,0.03
53,0.25,0.30,0.35,0.03
54,0.24,0.30,0.34,0.03
55,0.26,0.30,0.36,0.02
56,0.24,0.28,0.37,0.03
57,0.26,0.31,0.36,0.03
58,0.27,0.31,0.37,0.03
59,0.28,0.31,0.35,0.02
60,0.29,0.32,0.37,0.02
61,0.29,0.33,0.40,0.03
62,0.28,0.50,2.04,0.47
63,0.29,0.33,0.40,0.03
64,0.30,0.34,0.42,0.03
65,0.29,0.33,0.39,0.03
66,0.29,0.33,0.39,0.03
67,0.31,0.35,0.43,0.03
68,0.29,0.37,0.41,0.04
69,0.31,0.37,0.43,0.03
70,0.29,0.36,0.41,0.03
71,0.33,0.36,0.42,0.03
72,0.33,0.37,0.43,0.03
73,0.33,0.39,0.45,0.04
74,0.32,0.36,0.43,0.03
75,0.32,0.38,0.45,0.03
76,0.34,0.38,0.45,0.03
77,0.32,0.39,0.46,0.03
78,0.36,0.40,0.47,0.03
79,0.34,0.39,0.45,0.03
80,0.35,0.42,0.50,0.04
81,0.36,0.41,0.48,0.03
82,0.39,0.42,0.46,0.02
83,0.42,0.44,0.47,0.01
84,0.37,0.44,0.49,0.03
85,0.37,0.43,0.52,0.04
86,0.37,0.44,0.53,0.04
87,0.37,0.43,0.50,0.03
88,0.37,0.45,0.52,0.04
89,0.40,0.43,0.50,0.03
90,0.39,0.45,0.52,0.03
91,0.40,0.45,0.50,0.03
92,0.39,0.46,0.51,0.03
93,0.40,0.47,0.54,0.04
94,0.42,0.46,0.53,0.04
95,0.42,0.48,0.53,0.04
96,0.41,0.48,0.56,0.04
97,0.41,0.48,0.54,0.03
98,0.43,0.48,0.57,0.04
99,0.44,0.50,0.57,0.03
100,0.43,0.49,0.56,0.03
101,0.45,0.49,0.55,0.03
102,0.45,0.50,0.57,0.03
103,0.44,0.51,0.58,0.04
104,0.45,0.52,0.59,0.04
105,0.45,0.50,0.56,0.03
106,0.46,0.51,0.56,0.03
107,0.47,0.52,0.58,0.04
108,0.47,0.53,0.61,0.04
109,0.49,0.54,0.60,0.03
110,0.48,0.54,0.61,0.03
111,0.47,0.54,0.61,0.04
112,0.51,0.55,0.62,0.04
113,0.50,0.54,0.61,0.03
114,0.51,0.55,0.61,0.03
115,0.51,0.56,0.63,0.03
116,0.49,0.57,0.63,0.04
117,0.47,0.56,0.64,0.04
118,0.51,0.57,0.63,0.03
119,0.51,0.57,0.63,0.04
120,0.52,0.58,0.67,0.04
121,0.56,0.60,0.65,0.03
122,0.56,0.60,0.65,0.02
123,0.54,0.60,0.65,0.03
124,0.54,0.61,0.72,0.05
125,0.55,0.60,0.69,0.04
126,0.56,0.61,0.70,0.04
127,0.55,0.61,0.70,0.04
128,0.56,0.62,0.70,0.04
129,0.55,0.61,0.71,0.04
130,0.58,0.64,0.72,0.04
131,0.57,0.63,0.69,0.04
132,0.58,0.65,0.73,0.04
133,0.57,0.64,0.72,0.04
134,0.58,0.66,0.73,0.05
135,0.60,0.65,0.73,0.03
136,0.61,0.65,0.73,0.03
137,0.59,0.64,0.71,0.03
138,0.60,0.65,0.72,0.03
139,0.61,0.67,0.75,0.04
140,0.60,0.66,0.73,0.04
141,0.61,0.67,0.75,0.04
142,0.64,0.69,0.75,0.03
143,0.64,0.71,0.76,0.04
144,0.62,0.71,0.79,0.04
145,0.61,0.68,0.76,0.04
146,0.63,0.69,0.75,0.03
147,0.65,0.71,0.80,0.04
148,0.65,0.71,0.78,0.04
149,0.63,0.70,0.77,0.03
150,0.64,0.72,0.81,0.05
151,0.65,0.70,0.80,0.04
152,0.67,0.72,0.78,0.03
153,0.65,0.73,0.82,0.05
154,0.66,0.73,0.84,0.04
155,0.64,0.72,0.81,0.04
156,0.67,0.74,0.85,0.05
157,0.66,0.74,0.81,0.04
158,0.69,0.75,0.81,0.04
159,0.71,0.75,0.83,0.03
160,0.70,0.76,0.83,0.03
161,0.71,0.78,0.85,0.03
162,0.71,0.76,0.88,0.04
163,0.70,0.78,0.87,0.05
164,0.71,0.77,0.85,0.05
165,0.70,0.78,0.87,0.05
166,0.74,0.79,0.87,0.04
167,0.70,0.78,0.86,0.04
168,0.72,0.80,0.88,0.04
169,0.74,0.81,0.92,0.04
170,0.72,0.80,0.87,0.04
171,0.74,0.79,0.90,0.04
172,0.75,0.82,0.90,0.04
173,0.76,0.81,0.89,0.03
174,0.75,0.82,0.94,0.05
175,0.77,0.82,0.91,0.04
176,0.77,0.83,0.93,0.04
177,0.79,0.85,0.91,0.03
178,0.76,0.84,0.94,0.04
179,0.78,0.85,0.93,0.04
180,0.80,0.87,0.95,0.05
181,0.76,0.84,0.97,0.05
182,0.79,0.84,0.93,0.04
183,0.79,0.86,0.98,0.06
184,0.80,0.87,0.97,0.05
185,0.83,0.88,0.99,0.04
186,0.81,0.88,1.00,0.05
187,0.80,0.87,1.01,0.06
188,0.80,0.88,0.99,0.05
189,0.80,0.87,0.99,0.04
190,0.82,0.86,0.93,0.03
191,0.82,0.88,1.00,0.05
192,0.81,0.87,1.02,0.05
193,0.81,0.91,1.03,0.06
194,0.82,0.92,1.07,0.07
195,0.85,0.92,1.03,0.06
196,0.86,0.91,1.00,0.04
197,0.84,0.91,1.01,0.05
198,0.84,0.90,1.03,0.04
199,0.87,0.93,1.08,0.05
200,0.84,0.94,1.03,0.06
201,0.83,0.92,1.00,0.04
202,0.86,0.92,1.02,0.03
203,0.85,0.92,1.05,0.05
204,0.88,0.94,1.07,0.05
205,0.88,0.95,1.05,0.05
206,0.90,0.96,1.04,0.05
207,0.78,0.95,1.05,0.07
208,0.82,0.94,1.07,0.06
209,0.89,0.96,1.08,0.05
210,0.89,0.96,1.04,0.04
211,0.85,0.94,1.04,0.05
212,0.91,0.97,1.07,0.04
213,0.90,0.96,1.06,0.05
214,0.91,0.98,1.11,0.06
215,0.91,0.98,1.02,0.02
216,0.90,0.98,1.10,0.05
217,0.93,1.00,1.10,0.05
218,0.91,0.98,1.14,0.05
219,0.92,1.00,1.14,0.06
220,0.96,1.02,1.12,0.05
221,0.94,1.02,1.17,0.06
222,0.91,0.99,1.06,0.04
223,0.94,1.03,1.13,0.05
224,0.95,1.03,1.16,0.06
225,0.97,1.04,1.16,0.04
226,0.99,1.06,1.13,0.04
227,0.96,1.05,1.19,0.06
228,0.98,1.05,1.16,0.05
229,0.97,1.03,1.22,0.06
230,1.01,1.07,1.16,0.04
231,1.01,1.08,1.18,0.04
232,1.01,1.10,1.20,0.05
233,0.98,1.06,1.21,0.05
234,1.02,1.08,1.17,0.04
235,1.02,1.09,1.17,0.04
236,1.03,1.28,3.01,0.47
237,1.03,1.11,1.25,0.05
238,1.05,1.13,1.22,0.05
239,1.01,1.10,1.20,0.05
240,1.05,1.12,1.23,0.04
241,0.97,1.08,1.19,0.06
242,1.02,1.12,1.31,0.08
243,1.04,1.14,1.27,0.05
244,1.06,1.13,1.23,0.05
245,1.01,1.14,1.25,0.07
246,1.07,1.15,1.21,0.04
247,1.02,1.12,1.26,0.06
248,1.03,1.14,1.28,0.07
249,1.04,1.13,1.23,0.06
250,1.05,1.15,1.22,0.04
251,0.99,1.21,2.11,0.27
252,1.10,1.18,1.27,0.05
253,1.11,1.17,1.30,0.05
254,1.10,1.17,1.28,0.04
255,1.07,1.22,1.83,0.17
256,1.05,1.15,1.30,0.07
257,1.12,1.22,1.41,0.07
258,1.07,1.18,1.31,0.07
259,1.09,1.16,1.28,0.05
260,1.13,1.29,2.16,0.25
261,1.14,1.22,1.36,0.05
262,1.12,1.20,1.30,0.06
263,1.11,1.21,1.29,0.05
264,1.11,1.19,1.35,0.07
265,1.10,1.29,2.36,0.29
266,1.06,1.15,1.33,0.06
267,1.11,1.21,1.38,0.07
268,1.09,1.19,1.31,0.05
269,1.13,1.21,1.42,0.06
270,1.15,1.24,1.30,0.04
271,1.15,1.24,1.35,0.06
272,1.16,1.26,1.37,0.06
273,1.17,1.25,1.38,0.05
274,1.19,1.25,1.31,0.04
275,1.12,1.24,1.40,0.07
276,1.15,1.24,1.43,0.08
277,1.19,1.28,1.40,0.05
278,1.23,1.29,1.49,0.05
279,1.24,1.30,1.38,0.04
280,1.07,1.36,2.72,0.39
281,1.09,1.26,1.40,0.07
282,1.16,1.26,1.43,0.07
283,1.20,1.30,1.44,0.07
284,1.21,1.36,2.07,0.19
285,1.26,1.30,1.39,0.04
286,1.25,1.33,1.41,0.05
287,1.20,1.31,1.53,0.08
288,1.21,1.31,1.40,0.06
289,1.26,1.34,1.45,0.05
290,1.26,1.33,1.44,0.04
291,1.25,1.33,1.45,0.06
292,1.18,1.32,1.46,0.07
293,1.21,1.30,1.44,0.08
294,1.23,1.38,1.84,0.12
295,1.12,1.27,2.48,0.28
296,1.17,1.32,1.48,0.08
297,1.19,1.32,1.46,0.06
298,1.24,1.34,1.54,0.08
299,1.25,1.34,1.49,0.07
300,1.29,1.38,1.46,0.05
301,1.30,1.38,1.47,0.04
302,1.29,1.37,1.45,0.04
303,1.27,1.38,1.55,0.07
304,1.29,1.40,1.51,0.06
305,1.35,1.41,1.51,0.04
306,1.28,1.38,1.47,0.05
307,1.26,1.39,1.54,0.07
308,1.28,1.37,1.50,0.06
309,1.20,1.42,2.55,0.29
310,1.32,1.41,1.49,0.05
311,1.29,1.41,1.56,0.07
312,1.30,1.39,1.51,0.05
313,1.31,1.44,1.54,0.05
314,1.33,1.42,1.54,0.05
315,1.34,1.42,1.52,0.05
316,1.32,1.42,1.58,0.07
317,1.33,1.44,1.70,0.09
318,1.31,1.45,1.62,0.07
319,1.36,1.44,1.53,0.05
320,1.36,1.44,1.52,0.04
321,1.37,1.44,1.58,0.05
322,1.32,1.45,1.63,0.08
323,1.37,1.48,1.63,0.08
324,1.21,1.44,2.15,0.21
325,1.40,1.48,1.70,0.06
326,1.39,1.48,1.62,0.07
327,1.45,1.51,1.63,0.05
328,1.43,1.51,1.62,0.05
329,1.35,1.49,1.74,0.08
330,1.43,1.52,1.60,0.05
331,1.33,1.50,1.63,0.08
332,1.38,1.48,1.62,0.06
333,1.36,1.46,1.65,0.06
334,1.43,1.51,1.57,0.04
335,1.41,1.52,1.61,0.05
336,1.43,1.52,1.63,0.05
337,1.36,1.52,1.66,0.08
338,1.38,1.60,2.57,0.28
339,1.28,1.42,1.64,0.09
340,1.46,1.54,1.76,0.07
341,1.44,1.54,1.69,0.06
342,1.44,1.55,1.69,0.06
343,1.43,1.56,1.76,0.08
344,1.45,1.53,1.71,0.07
345,1.44,1.55,1.63,0.05
346,1.50,1.59,1.76,0.07
347,1.48,1.59,1.74,0.06
348,1.49,1.56,1.67,0.05
349,1.51,1.60,1.84,0.08
350,1.49,1.57,1.74,0.06
351,1.50,1.61,1.76,0.07
352,1.51,1.60,1.76,0.06
353,1.47,1.65,2.56,0.26
354,1.56,1.62,1.73,0.04
355,1.49,2.08,6.71,1.53
356,1.48,1.57,1.74,0.07
357,1.51,1.61,1.73,0.06
358,1.53,1.63,1.79,0.07
359,1.48,1.59,1.73,0.06
360,1.45,1.62,1.76,0.08
361,1.57,1.67,1.76,0.05
362,1.43,1.58,1.86,0.10
363,1.53,1.63,1.75,0.05
364,1.60,1.67,1.77,0.05
365,1.57,1.67,1.86,0.07
366,1.46,1.62,1.82,0.10
367,1.49,1.65,1.95,0.10
368,1.55,1.69,2.44,0.19
369,1.54,1.62,1.75,0.05
370,1.52,1.63,1.87,0.08
371,1.53,1.61,1.68,0.04
372,1.53,1.64,1.81,0.07
373,1.53,1.66,1.99,0.09
374,1.59,1.70,1.97,0.09
375,1.58,1.71,1.86,0.07
376,1.59,1.73,1.90,0.06
377,1.55,1.97,4.72,0.80
378,1.57,1.72,1.80,0.07
379,1.63,1.73,1.87,0.06
380,1.66,1.73,1.80,0.04
381,1.58,1.70,1.87,0.08
382,1.61,1.77,2.60,0.21
383,1.54,1.73,1.85,0.09
384,1.63,1.78,1.91,0.07
385,1.55,1.79,2.11,0.13
386,1.60,1.73,1.94,0.09
387,1.66,1.74,1.91,0.07
388,1.42,1.78,2.18,0.13
389,1.68,1.76,1.94,0.06
390,1.65,1.77,2.03,0.08
391,1.67,1.73,1.87,0.06
392,1.62,1.73,1.90,0.06
393,1.61,1.79,1.94,0.09
394,1.60,1.74,2.13,0.11
395,1.70,1.81,1.99,0.07
396,1.67,1.79,1.93,0.07
397,1.56,1.73,2.26,0.14
398,1.63,1.76,2.02,0.10
399,1.68,1.77,1.93,0.07
400,1.64,1.80,1.93,0.09
401,1.70,1.82,1.96,0.08
402,1.74,1.82,1.93,0.05
403,1.70,1.81,1.98,0.07
404,1.74,1.84,1.96,0.05
405,1.74,1.83,1.95,0.06
406,1.74,1.84,1.97,0.06
407,1.72,1.85,2.00,0.07
408,1.70,1.83,1.97,0.08
409,1.68,1.80,2.03,0.10
410,1.75,1.87,2.07,0.07
411,1.71,1.89,2.49,0.16
412,1.76,1.85,2.00,0.07
413,1.69,1.83,1.95,0.08
414,1.72,1.85,2.07,0.08
415,1.78,1.86,2.00,0.06
416,1.72,1.85,2.04,0.09
417,1.77,1.88,2.01,0.06
418,1.70,1.86,2.02,0.09
419,1.74,2.20,5.57,0.90
420,1.74,1.87,2.11,0.09
421,1.64,1.85,2.00,0.09
422,1.75,1.89,2.03,0.08
423,1.52,1.94,2.32,0.14
424,1.82,1.91,2.08,0.07
425,1.83,1.93,2.08,0.06
426,1.83,1.99,2.93,0.23
427,1.85,1.92,2.09,0.06
428,1.75,1.92,2.07,0.08
429,1.84,1.93,2.01,0.05
430,1.84,1.93,2.09,0.06
431,1.74,1.91,2.02,0.07
432,1.81,1.88,2.03,0.06
433,1.85,1.94,2.08,0.06
434,1.88,1.98,2.14,0.06
435,1.83,1.94,2.08,0.07
436,1.79,1.95,2.15,0.09
437,1.80,1.93,2.03,0.06
438,1.85,2.03,2.36,0.12
439,1.84,1.96,2.08,0.06
440,1.87,1.98,2.14,0.07
441,1.66,1.89,2.53,0.18
442,1.88,1.99,2.14,0.07
443,1.87,1.97,2.10,0.06
444,1.84,1.95,2.12,0.06
445,1.87,2.02,2.20,0.09
446,1.83,1.95,2.16,0.08
447,1.89,2.01,2.15,0.06
448,1.90,1.97,2.10,0.06
449,1.91,2.00,2.12,0.05
450,1.90,2.01,2.14,0.06
451,1.90,2.06,2.25,0.11
452,1.85,1.99,2.19,0.09
453,1.92,2.03,2.15,0.06
454,1.85,2.00,2.29,0.10
455,1.81,2.08,2.94,0.22
456,1.94,2.04,2.17,0.06
457,1.87,2.06,2.27,0.10
458,1.87,2.02,2.21,0.09
459,1.94,2.07,2.30,0.08
460,1.94,2.04,2.21,0.06
461,1.90,2.03,2.30,0.09
462,1.91,2.00,2.13,0.05
463,1.95,2.07,2.30,0.09
464,1.95,2.06,2.23,0.07
465,1.98,2.06,2.14,0.05
466,1.99,2.08,2.28,0.06
467,2.01,2.12,2.30,0.07
468,1.96,2.07,2.26,0.08
469,1.94,2.07,2.22,0.07
470,1.84,2.09,3.22,0.28
471,1.96,2.09,2.24,0.08
472,1.99,2.09,2.22,0.06
473,2.04,2.14,2.34,0.07
474,2.01,2.11,2.22,0.06
475,2.04,2.13,2.27,0.06
476,1.93,2.07,2.23,0.08
477,1.98,2.14,2.33,0.09
478,1.96,2.05,2.20,0.07
479,2.03,2.13,2.29,0.07
480,1.95,2.10,2.34,0.09
481,1.91,2.13,2.32,0.09
482,2.01,2.09,2.16,0.04
483,2.02,2.15,2.23,0.06
484,1.95,2.21,3.34,0.28
485,2.03,2.15,2.27,0.06
486,2.06,2.17,2.29,0.05
487,2.01,2.16,2.36,0.11
488,2.02,2.15,2.24,0.05
489,1.97,2.16,2.39,0.10
490,2.05,2.18,2.35,0.07
491,2.04,2.18,2.33,0.07
492,2.07,2.16,2.31,0.07
493,2.04,2.15,2.30,0.07
494,2.06,2.21,2.35,0.07
495,2.06,2.23,2.33,0.06
496,2.09,2.21,2.42,0.08
497,2.03,2.17,2.34,0.09
498,2.14,2.25,2.38,0.06
499,1.93,2.16,2.96,0.22
500,2.11,2.21,2.35,0.06
501,2.09,2.19,2.36,0.08
502,2.13,2.24,2.50,0.09
503,2.07,2.21,2.33,0.07
504,2.05,2.22,2.39,0.09
505,2.15,2.26,2.45,0.07
506,2.11,2.25,2.52,0.08
507,2.15,2.28,2.52,0.09
508,2.12,2.23,2.41,0.07
509,2.04,2.20,2.54,0.11
510,2.04,2.25,2.44,0.10
511,2.16,2.27,2.42,0.06
512,2.16,2.24,2.43,0.08
513,2.16,2.28,2.40,0.07
514,2.13,2.34,3.25,0.24
515,2.15,2.29,2.41,0.07
516,2.02,2.24,2.46,0.10
517,2.19,2.28,2.50,0.07
518,2.20,2.29,2.39,0.05
519,2.07,2.30,2.42,0.08
520,2.23,2.33,2.45,0.06
521,2.20,2.33,2.46,0.07
522,2.23,2.33,2.52,0.07
523,2.26,2.34,2.44,0.05
524,2.20,2.30,2.53,0.09
525,2.23,2.33,2.51,0.06
526,2.19,2.33,2.49,0.08
527,2.19,2.35,2.61,0.09
528,2.09,2.42,4.14,0.46
529,2.10,2.29,2.51,0.10
530,2.21,2.32,2.45,0.07
531,2.23,2.31,2.44,0.07
532,2.25,2.39,2.65,0.11
533,2.26,2.38,2.65,0.09
534,2.24,2.34,2.46,0.06
535,2.15,2.33,2.58,0.09
536,2.25,2.37,2.59,0.08
537,2.26,2.40,2.51,0.07
538,2.24,2.36,2.54,0.09
539,2.30,2.40,2.54,0.06
540,2.29,2.42,2.55,0.07
541,2.30,2.39,2.60,0.07
542,2.28,2.40,2.54,0.07
543,2.28,2.39,2.57,0.08
544,2.26,2.38,2.54,0.07
545,2.31,2.43,2.53,0.06
546,2.28,2.43,2.61,0.07
547,2.30,2.45,2.57,0.07
548,2.27,2.41,2.59,0.07
549,2.31,2.44,2.77,0.09
550,2.32,2.45,2.63,0.06
551,2.36,2.47,2.63,0.07
552,2.24,2.38,2.58,0.09
553,2.29,2.44,2.56,0.07
554,2.15,2.42,2.65,0.12
555,2.29,2.39,2.53,0.06
556,2.28,2.44,2.55,0.07
557,2.36,2.43,2.55,0.05
558,2.13,2.35,2.60,0.15
559,2.34,2.48,2.60,0.07
560,2.32,2.48,2.62,0.07
561,2.29,2.47,2.68,0.09
562,2.29,2.45,2.71,0.09
563,2.36,2.48,2.65,0.08
564,2.40,2.50,2.74,0.07
565,2.36,2.50,2.60,0.06
566,2.31,2.43,2.61,0.07
567,2.29,2.46,2.78,0.12
568,2.37,2.47,2.62,0.06
569,2.42,2.52,2.71,0.07
570,2.47,2.57,2.70,0.05
571,2.38,2.54,2.69,0.08
572,2.39,2.55,2.80,0.10
573,2.31,2.49,2.82,0.11
574,2.36,2.47,2.59,0.07
575,2.33,2.56,2.70,0.09
576,2.40,2.57,2.96,0.13
577,2.41,2.54,2.79,0.10
578,2.29,2.44,2.64,0.10
579,2.41,2.52,2.73,0.07
580,2.45,2.55,2.79,0.08
581,2.43,2.49,2.68,0.06
582,2.40,2.56,2.82,0.09
583,2.32,2.48,2.65,0.09
584,2.44,2.57,2.68,0.07
585,2.52,2.61,2.72,0.06
586,2.47,2.59,2.74,0.06
587,2.44,2.55,2.75,0.07
588,2.48,2.59,2.80,0.07
589,2.40,3.52,12.83,2.95
590,2.39,2.53,2.69,0.08
591,2.44,2.58,2.82,0.10
592,2.47,2.60,2.86,0.09
593,2.50,2.63,2.80,0.07
594,2.49,2.57,2.75,0.06
595,2.42,2.56,2.74,0.09
596,2.55,2.62,2.77,0.06
597,2.40,2.60,2.78,0.10
598,2.40,2.56,2.72,0.10
599,2.55,2.65,2.77,0.06
600,2.48,2.64,2.82,0.10
601,2.53,2.65,2.88,0.09
602,2.57,2.68,2.95,0.09
603,2.43,2.58,2.74,0.08
604,2.54,2.67,2.86,0.08
605,2.42,2.63,2.90,0.12
606,2.55,2.67,2.88,0.08
607,2.50,2.66,2.92,0.11
608,2.56,2.67,3.07,0.11
609,2.51,2.63,3.01,0.12
610,2.47,2.67,2.96,0.10
611,2.48,2.64,2.77,0.08
612,2.54,2.64,2.73,0.06
613,2.61,2.72,2.91,0.08
614,2.60,2.72,2.94,0.08
615,2.64,2.74,2.92,0.07
616,2.57,2.70,2.82,0.06
617,2.56,2.70,2.85,0.07
618,2.61,2.74,2.96,0.09
619,2.61,2.74,2.87,0.07
620,2.56,2.67,2.78,0.07
621,2.61,2.73,2.92,0.08
622,2.55,2.69,2.91,0.09
623,2.54,2.72,3.03,0.12
624,2.65,2.76,2.99,0.09
625,2.61,2.74,2.95,0.08
626,2.54,2.69,2.89,0.07
627,2.66,2.81,2.93,0.08
628,2.69,2.80,3.01,0.07
629,2.61,2.77,2.86,0.08
630,2.58,2.77,2.97,0.09
631,2.64,2.76,2.92,0.07
632,2.66,2.80,2.95,0.07
633,2.67,2.81,3.05,0.09
634,2.59,2.80,3.01,0.09
635,2.52,2.71,2.82,0.09
636,2.61,2.76,2.98,0.10
637,2.57,2.75,2.91,0.10
638,2.69,2.90,3.38,0.17
639,2.70,2.79,2.95,0.08
640,2.71,2.81,2.98,0.07
641,2.68,2.83,2.94,0.08
642,2.65,2.81,3.10,0.11
643,2.75,2.84,2.93,0.05
644,2.69,2.82,3.08,0.10
645,2.65,2.81,3.01,0.10
646,2.70,2.83,3.11,0.09
647,2.71,2.92,4.01,0.28
648,2.66,2.82,3.02,0.09
649,2.63,2.78,3.03,0.09
650,2.76,2.87,3.08,0.09
651,2.75,2.87,3.05,0.08
652,2.74,2.86,3.03,0.08
653,2.71,2.85,3.09,0.08
654,2.75,2.86,3.04,0.07
655,2.69,2.83,2.97,0.08
656,2.69,2.89,3.14,0.10
657,2.72,2.91,3.13,0.10
658,2.75,3.03,4.34,0.44
659,2.78,2.89,3.01,0.07
660,2.75,2.88,3.03,0.08
661,2.80,2.93,3.28,0.13
662,2.80,2.90,3.19,0.10
663,2.80,2.92,3.06,0.07
664,2.81,2.91,2.98,0.04
665,2.75,2.93,3.09,0.10
666,2.76,2.93,3.23,0.11
667,2.81,2.98,3.24,0.10
668,2.73,2.85,3.04,0.08
669,2.73,2.83,3.08,0.09
670,2.68,2.81,3.03,0.11
671,2.84,2.95,3.10,0.08
672,2.84,2.95,3.14,0.08
673,2.72,2.95,3.13,0.10
674,2.84,2.92,3.06,0.05
675,2.85,3.01,3.33,0.11
676,2.79,3.00,3.33,0.13
677,2.81,2.99,3.32,0.11
678,2.89,2.99,3.10,0.07
679,2.85,2.96,3.11,0.07
680,2.86,3.00,3.32,0.09
681,2.79,2.96,3.20,0.12
682,2.84,2.98,3.12,0.08
683,2.82,3.00,3.40,0.14
684,2.90,3.02,3.39,0.11
685,2.84,2.95,3.13,0.07
686,2.82,2.99,3.19,0.11
687,2.80,3.03,3.19,0.10
688,2.88,3.00,3.13,0.08
689,2.76,2.99,3.21,0.11
690,2.90,3.03,3.17,0.07
691,2.89,3.05,3.26,0.10
692,2.91,3.03,3.16,0.06
693,2.91,3.05,3.21,0.09
694,2.89,2.99,3.16,0.07
695,2.89,3.03,3.25,0.09
696,2.85,2.98,3.16,0.09
697,2.83,3.04,3.46,0.12
698,2.85,3.02,3.25,0.10
699,2.92,3.06,3.22,0.08
700,2.88,3.04,3.30,0.09
701,2.85,3.02,3.22,0.09
702,2.91,3.02,3.25,0.08
703,2.79,3.02,3.18,0.11
704,2.88,3.07,3.31,0.11
705,2.96,3.06,3.23,0.07
706,2.49,3.08,3.68,0.20
707,2.94,3.08,3.27,0.08
708,3.00,3.10,3.27,0.08
709,2.90,3.07,3.35,0.11
710,2.62,3.17,3.99,0.24
711,2.97,3.11,3.22,0.07
712,2.98,3.12,3.31,0.08
713,2.96,3.14,3.38,0.11
714,2.98,3.19,3.59,0.15
715,2.97,3.09,3.23,0.07
716,3.04,3.12,3.30,0.06
717,2.93,3.12,3.38,0.12
718,2.94,3.06,3.21,0.07
719,2.89,3.04,3.24,0.09
720,2.80,2.99,3.30,0.12
721,2.96,3.10,3.25,0.07
722,3.05,3.16,3.30,0.08
723,2.91,3.10,3.54,0.16
724,2.99,3.18,3.47,0.11
725,2.74,3.16,3.95,0.21
726,3.00,3.17,3.42,0.10
727,3.05,3.17,3.29,0.07
728,3.07,3.20,3.34,0.07
729,3.01,3.14,3.33,0.09
730,3.01,3.16,3.39,0.09
731,3.01,3.16,3.42,0.11
732,3.06,3.18,3.30,0.07
733,3.00,3.18,3.34,0.08
734,3.08,3.22,3.37,0.08
735,3.00,3.21,3.47,0.10
736,2.98,3.23,3.51,0.13
737,3.06,3.18,3.37,0.07
738,3.06,4.14,12.23,2.48
739,3.08,3.21,3.45,0.11
740,3.01,3.18,3.45,0.12
741,3.15,3.24,3.50,0.09
742,2.93,3.16,3.43,0.12
743,3.05,3.27,3.53,0.10
744,3.10,3.24,3.42,0.08
745,3.16,3.28,3.40,0.07
746,2.76,3.29,3.85,0.21
747,2.87,3.30,4.19,0.29
748,3.11,4.29,13.43,2.98
749,3.14,3.27,3.49,0.10
750,3.11,3.25,3.50,0.09
751,3.15,3.31,3.44,0.09
752,3.13,3.25,3.49,0.10
753,3.06,3.24,3.38,0.10
754,3.12,3.27,3.49,0.10
755,3.16,3.32,3.56,0.11
756,3.14,3.28,3.43,0.07
757,3.20,3.35,3.55,0.09
758,3.12,3.27,3.50,0.09
759,3.18,3.31,3.52,0.09
760,3.01,3.20,3.45,0.10
761,3.15,3.28,3.42,0.08
762,2.98,3.26,3.85,0.19
763,3.16,3.28,3.39,0.06
764,3.14,3.27,3.45,0.09
765,3.05,3.27,3.54,0.13
766,3.16,3.32,3.74,0.14
767,3.21,3.38,3.63,0.10
768,3.12,3.29,3.65,0.14
769,3.14,3.33,3.61,0.11
770,3.22,3.38,3.52,0.09
771,3.16,3.33,3.71,0.13
772,3.28,3.39,3.49,0.05
773,3.23,3.38,3.65,0.10
774,3.21,3.33,3.63,0.09
775,3.30,3.42,3.59,0.08
776,3.27,3.51,4.99,0.35
777,3.14,3.38,3.57,0.11
778,2.93,3.26,3.51,0.16
779,3.27,3.41,3.61,0.07
780,3.20,3.38,3.65,0.12
781,3.31,3.42,3.71,0.09
782,3.27,3.42,3.63,0.09
783,3.15,3.36,3.68,0.12
784,3.05,3.34,3.62,0.15
785,3.26,3.41,3.67,0.10
786,3.26,3.43,3.74,0.12
787,3.33,3.44,3.63,0.09
788,3.23,3.42,3.62,0.09
789,3.22,3.36,3.62,0.08
790,3.17,3.39,3.82,0.15
791,2.90,3.42,4.10,0.23
792,3.30,3.47,3.63,0.10
793,3.29,3.47,3.61,0.09
794,3.23,3.42,3.72,0.13
795,3.30,3.43,3.60,0.07
796,3.34,3.45,3.59,0.08
797,3.31,3.44,3.63,0.09
798,3.35,3.47,3.66,0.10
799,3.38,3.50,3.67,0.09
800,3.32,3.44,3.65,0.09
801,3.33,3.50,3.80,0.12
802,3.39,3.50,3.68,0.08
803,3.27,3.40,3.64,0.09
804,3.16,3.38,3.58,0.12
805,3.31,3.43,3.83,0.12
806,3.32,3.59,5.03,0.35
807,3.07,3.43,3.81,0.19
808,3.36,3.51,3.69,0.08
809,3.35,3.52,3.66,0.08
810,3.33,3.47,3.71,0.10
811,3.39,3.54,3.77,0.09
812,3.43,3.56,3.82,0.12
813,3.36,3.54,3.80,0.09
814,3.48,3.59,3.72,0.07
815,3.36,3.54,3.74,0.09
816,3.45,3.54,3.67,0.07
817,3.33,3.54,3.76,0.10
818,3.37,3.54,3.73,0.10
819,3.42,3.58,3.75,0.09
820,3.48,3.70,5.21,0.36
821,3.46,3.61,3.78,0.10
822,3.34,3.59,3.94,0.14
823,3.40,3.57,3.72,0.09
824,3.45,3.60,3.96,0.14
825,3.43,3.62,3.87,0.12
826,3.43,3.59,3.82,0.09
827,3.43,3.59,3.85,0.11
828,3.44,3.61,3.88,0.11
829,3.48,3.64,3.82,0.09
830,3.41,3.58,3.93,0.14
831,3.47,3.65,3.93,0.11
832,3.34,3.60,3.81,0.10
833,3.34,3.58,3.84,0.12
834,3.49,3.61,3.72,0.07
835,3.24,3.57,4.29,0.24
836,3.45,3.66,3.87,0.10
837,3.57,3.66,3.80,0.06
838,3.55,3.68,3.84,0.09
839,3.53,3.62,3.77,0.06
840,3.52,3.66,3.91,0.10
841,3.53,3.65,3.79,0.08
842,3.49,3.69,4.02,0.13
843,3.45,3.64,3.75,0.08
844,3.45,3.64,3.93,0.11
845,3.58,3.72,3.98,0.10
846,3.48,3.72,3.91,0.11
847,3.50,3.67,3.87,0.10
848,3.58,3.71,3.90,0.09
849,3.55,3.76,4.58,0.22
850,3.51,3.68,3.92,0.10
851,3.51,3.71,4.03,0.12
852,3.37,3.63,3.94,0.15
853,3.58,3.75,4.00,0.11
854,3.52,3.76,3.88,0.09
855,3.57,3.75,3.96,0.10
856,3.56,3.74,4.01,0.10
857,3.51,3.73,3.99,0.12
858,3.57,3.71,4.01,0.10
859,3.59,3.77,4.32,0.19
860,3.56,3.69,3.94,0.10
861,3.60,3.75,3.95,0.09
862,3.62,3.76,3.93,0.09
863,3.58,3.73,3.91,0.09
864,3.63,3.81,4.58,0.21
865,3.58,3.75,3.93,0.07
866,3.63,3.76,3.89,0.07
867,3.64,3.78,3.91,0.07
868,3.65,3.79,3.93,0.08
869,3.59,3.77,4.00,0.10
870,3.56,3.76,4.01,0.11
871,3.59,3.76,4.06,0.13
872,3.59,3.77,4.08,0.11
873,3.58,3.79,3.98,0.11
874,3.68,3.94,5.20,0.35
875,3.63,3.84,4.14,0.14
876,3.65,3.81,4.03,0.10
877,3.66,3.81,3.95,0.08
878,3.62,3.79,3.99,0.09
879,3.44,3.70,4.19,0.16
880,3.59,3.86,4.15,0.15
881,3.70,3.80,3.95,0.08
882,3.55,3.76,3.96,0.10
883,3.63,3.82,4.21,0.12
884,3.71,3.88,4.03,0.09
885,3.61,3.80,4.01,0.09
886,3.71,3.84,4.04,0.09
887,3.67,3.85,4.12,0.11
888,3.70,3.88,4.07,0.10
889,3.68,3.86,4.03,0.10
890,3.66,3.88,4.11,0.11
891,3.61,3.86,4.05,0.11
892,3.71,3.86,4.09,0.08
893,3.71,3.93,4.85,0.24
894,3.47,3.76,4.07,0.14
895,3.66,3.84,4.26,0.14
896,3.71,3.90,4.11,0.10
897,3.65,3.86,4.15,0.13
898,3.69,3.86,4.12,0.12
899,3.74,3.91,4.09,0.09
900,3.81,3.92,4.13,0.09
901,3.80,3.94,4.10,0.09
902,3.71,3.87,4.14,0.11
903,3.76,3.95,4.27,0.14
904,3.77,3.88,4.12,0.09
905,3.70,3.89,4.09,0.10
906,3.79,3.94,4.34,0.12
907,3.78,3.92,4.29,0.12
908,3.76,3.91,4.21,0.13
909,3.72,3.88,4.14,0.10
910,3.66,3.80,4.16,0.11
911,3.73,3.85,3.94,0.06
912,3.75,3.86,4.01,0.06
913,3.81,3.98,4.23,0.11
914,3.73,3.93,4.33,0.14
915,3.73,3.93,4.17,0.11
916,3.81,3.98,4.24,0.12
917,3.88,3.99,4.27,0.10
918,3.84,4.01,4.21,0.10
919,3.84,3.99,4.21,0.09
920,3.87,3.98,4.12,0.07
921,3.84,4.00,4.31,0.12
922,3.87,4.06,4.95,0.23
923,3.85,4.01,4.17,0.09
924,3.81,4.02,4.21,0.12
925,3.81,4.01,4.59,0.18
926,3.84,4.04,4.31,0.14
927,3.83,4.03,4.31,0.11
928,3.82,4.05,4.42,0.15
929,3.87,3.99,4.32,0.11
930,3.85,4.01,4.26,0.09
931,3.81,4.04,4.37,0.12
932,3.93,4.05,4.51,0.15
933,3.89,4.03,4.29,0.10
934,3.92,4.07,4.33,0.10
935,3.88,3.99,4.26,0.11
936,3.87,4.03,4.19,0.08
937,3.86,4.18,5.42,0.31
938,3.93,4.08,4.38,0.10
939,3.89,4.08,4.30,0.12
940,3.94,4.07,4.34,0.10
941,3.91,4.09,4.35,0.11
942,3.84,4.08,4.44,0.14
943,3.85,4.09,4.37,0.14
944,3.92,4.07,4.40,0.11
945,3.90,4.06,4.28,0.10
946,3.96,4.11,4.36,0.10
947,3.97,4.14,4.35,0.11
948,3.96,4.12,4.35,0.11
949,3.96,4.11,4.29,0.09
950,3.97,4.11,4.38,0.11
951,4.03,4.18,4.47,0.11
952,3.99,4.17,5.34,0.29
953,3.99,4.15,4.39,0.10
954,3.98,4.13,4.28,0.08
955,3.90,4.15,4.40,0.15
956,4.00,4.18,4.51,0.12
957,3.98,4.14,4.40,0.10
958,4.00,4.14,4.36,0.09
959,4.01,4.17,4.42,0.10
960,3.96,4.14,4.36,0.11
961,3.93,4.11,4.33,0.10
962,3.88,4.11,4.42,0.12
963,4.10,4.20,4.44,0.10
964,4.03,4.19,4.38,0.10
965,3.96,4.14,4.43,0.12
966,3.98,4.22,5.06,0.21
967,4.04,4.20,4.47,0.12
968,4.07,4.21,4.75,0.15
969,3.80,4.14,4.56,0.18
970,4.03,4.19,4.44,0.11
971,4.00,4.21,4.42,0.12
972,4.04,4.21,4.63,0.14
973,4.05,4.22,4.44,0.11
974,4.04,4.22,4.44,0.10
975,4.06,4.22,4.47,0.10
976,4.04,4.24,4.75,0.17
977,3.97,4.22,4.42,0.11
978,4.10,4.24,4.64,0.14
979,4.08,4.26,4.61,0.14
980,4.06,4.26,4.51,0.12
981,4.09,4.26,4.78,0.15
982,4.11,4.30,4.55,0.11
983,4.04,4.20,4.41,0.11
984,4.10,4.28,4.56,0.12
985,4.16,4.31,4.43,0.08
986,4.01,4.22,4.49,0.10
987,4.13,4.27,4.49,0.09
988,4.16,4.34,4.60,0.13
989,3.96,4.24,4.59,0.18
990,4.04,4.18,4.40,0.10
991,4.07,4.26,4.51,0.10
992,3.86,4.16,4.51,0.16
993,4.07,4.17,4.31,0.07
994,4.00,4.21,4.55,0.14
995,4.08,4.41,6.86,0.61
996,3.99,4.19,4.36,0.09
997,4.10,4.21,4.38,0.08
998,3.96,4.19,4.48,0.13
999,3.94,4.16,4.44,0.12
1000,4.04,4.23,4.51,0.12
1001,4.05,4.23,4.35,0.08
1002,4.11,4.28,4.49,0.11
1003,4.08,4.24,4.49,0.12
1004,4.14,4.29,4.55,0.11
1005,4.05,4.25,4.48,0.11
1006,4.13,4.26,4.42,0.09
1007,4.13,4.23,4.36,0.06
1008,4.00,4.23,4.55,0.12
1009,4.07,4.24,4.52,0.10
1010,4.12,4.28,4.62,0.13
1011,4.14,4.27,4.49,0.09
1012,4.02,4.29,4.61,0.18
1013,3.96,4.24,4.50,0.15
1014,4.18,4.36,4.71,0.13
1015,4.15,4.37,4.75,0.14
1016,4.28,4.44,4.98,0.19
1017,4.22,4.37,4.64,0.12
1018,4.21,4.38,4.67,0.12
1019,4.27,4.43,4.75,0.11
1020,4.25,4.44,4.58,0.08
1021,4.26,4.42,4.56,0.10
1022,4.19,4.38,4.67,0.13
1023,4.29,4.45,4.93,0.14
1024,4.20,4.42,4.72,0.13
1025,4.26,4.44,4.70,0.10
1026,4.14,4.36,4.68,0.14
1027,4.29,4.43,4.65,0.10
1028,4.25,4.41,4.58,0.10
1029,4.32,4.45,4.69,0.09
1030,4.28,4.42,4.60,0.10
1031,4.27,4.48,4.70,0.11
1032,4.30,4.44,4.70,0.11
1033,4.29,4.47,4.75,0.14
1034,4.19,4.44,4.78,0.15
1035,4.31,4.42,4.67,0.08
1036,4.09,4.39,4.73,0.18
1037,4.19,4.37,4.65,0.12
1038,4.07,4.34,4.55,0.12
1039,4.23,4.40,4.71,0.14
1040,4.24,4.46,4.66,0.11
1041,4.23,4.53,4.86,0.16
1042,4.33,4.47,4.75,0.11
1043,4.30,4.50,4.80,0.15
1044,4.32,4.88,8.54,1.04
1045,4.36,4.52,4.73,0.10
1046,4.36,4.53,5.14,0.19
1047,4.26,4.46,4.76,0.12
1048,4.11,4.44,4.78,0.17
1049,4.16,4.46,4.86,0.20
1050,4.34,4.52,4.93,0.13
1051,4.37,4.51,4.72,0.10
1052,4.41,4.59,4.85,0.12
1053,4.25,4.45,4.69,0.12
1054,4.39,4.56,5.03,0.14
1055,4.31,4.54,4.87,0.13
1056,4.43,4.62,5.01,0.15
1057,4.40,4.58,4.85,0.12
1058,4.39,4.53,4.96,0.13
1059,4.37,4.55,4.93,0.13
1060,4.35,4.56,4.84,0.14
1061,4.41,4.60,4.94,0.13
1062,4.46,4.61,4.85,0.10
1063,4.42,4.61,4.96,0.12
1064,4.46,4.63,4.83,0.11
1065,4.50,4.62,4.94,0.11
1066,4.43,4.62,4.80,0.09
1067,4.37,4.58,4.91,0.12
1068,4.45,4.65,5.10,0.16
1069,4.42,4.66,4.95,0.14
1070,4.46,4.94,7.21,0.69
1071,3.69,4.65,5.62,0.33
1072,4.36,4.62,4.87,0.13
1073,4.43,4.59,4.82,0.08
1074,4.38,4.63,4.88,0.14
1075,4.41,4.56,4.76,0.09
1076,4.43,4.64,4.94,0.14
1077,4.41,4.61,4.85,0.12
1078,4.31,4.54,5.00,0.18
1079,4.42,4.84,5.73,0.41
1080,4.48,4.64,4.81,0.10
1081,4.53,4.69,5.02,0.11
1082,4.54,4.69,5.02,0.13
1083,4.53,4.69,5.11,0.15
1084,4.36,4.60,4.97,0.13
1085,4.56,4.66,4.86,0.08
1086,4.50,4.70,4.95,0.12
1087,4.54,4.83,5.38,0.23
1088,4.37,4.61,5.11,0.17
1089,4.55,4.68,4.89,0.09
1090,4.52,4.72,5.07,0.13
1091,4.39,4.71,4.97,0.14
1092,4.48,4.66,5.09,0.16
1093,4.52,4.74,4.99,0.11
1094,4.56,4.73,5.11,0.12
1095,4.63,4.76,5.16,0.14
1096,4.54,4.72,4.97,0.11
1097,4.37,4.73,5.38,0.23
1098,4.57,4.72,4.90,0.08
1099,4.60,4.75,5.18,0.14
1100,4.56,4.80,5.28,0.20
1101,4.62,4.78,4.96,0.09
1102,4.54,4.75,4.96,0.11
1103,4.49,4.77,5.00,0.14
1104,4.57,4.76,5.18,0.14
1105,4.29,4.81,5.61,0.32
1106,4.62,4.80,5.08,0.12
1107,4.56,4.76,5.00,0.09
1108,4.62,4.78,5.01,0.09
1109,4.60,4.78,5.03,0.12
1110,4.63,4.84,5.21,0.15
1111,4.64,4.82,5.00,0.09
1112,4.61,4.82,5.08,0.13
1113,4.65,4.85,5.32,0.16
1114,4.68,4.82,5.01,0.09
1115,4.66,4.76,5.04,0.10
1116,4.64,4.81,5.16,0.12
1117,4.65,4.83,5.10,0.12
1118,4.62,4.88,5.13,0.13
1119,4.65,4.79,5.05,0.12
1120,4.70,4.90,5.45,0.18
1121,4.65,4.86,5.14,0.12
1122,4.63,4.85,5.20,0.14
1123,4.59,4.83,5.03,0.10
1124,4.67,4.85,5.25,0.16
1125,4.63,4.79,5.10,0.12
1126,4.74,4.86,5.08,0.10
1127,4.64,4.82,5.09,0.13
1128,4.66,4.90,5.16,0.12
1129,4.70,4.89,5.29,0.13
1130,4.68,4.88,5.45,0.18
1131,4.69,4.87,5.25,0.13
1132,4.72,4.85,5.10,0.10
1133,4.69,4.88,5.36,0.15
1134,4.75,4.86,5.09,0.11
1135,4.65,4.90,5.20,0.14
1136,4.76,4.87,5.01,0.08
1137,4.69,4.82,5.01,0.09
1138,4.46,4.78,4.97,0.13
1139,4.69,4.91,5.09,0.11
1140,4.69,4.90,5.12,0.12
1141,4.61,4.84,5.25,0.17
1142,4.74,4.92,5.24,0.14
1143,4.74,4.92,5.29,0.16
1144,4.76,4.94,5.44,0.16
1145,4.68,4.86,5.21,0.12
1146,4.34,4.80,5.39,0.22
1147,4.76,4.94,5.16,0.10
1148,4.72,5.75,14.46,2.42
1149,4.66,4.92,5.08,0.10
1150,4.68,4.87,5.30,0.15
1151,4.68,4.84,5.27,0.15
1152,4.66,4.92,5.15,0.14
1153,4.76,4.96,5.19,0.13
1154,4.82,6.92,25.01,5.98
1155,4.69,4.97,5.22,0.14
1156,4.84,4.99,5.24,0.11
1157,4.79,4.98,5.23,0.12
1158,4.80,5.01,5.19,0.10
1159,4.79,5.05,5.33,0.13
1160,4.77,4.95,5.22,0.12
1161,4.72,4.99,5.25,0.12
1162,4.80,5.06,5.47,0.15
1163,4.77,5.02,5.22,0.12
1164,4.88,5.08,5.38,0.14
1165,4.78,4.98,5.34,0.13
1166,4.86,5.09,5.57,0.18
1167,4.84,5.03,5.16,0.10
1168,4.90,5.07,5.32,0.11
1169,4.89,5.10,5.78,0.23
1170,4.80,5.06,5.45,0.17
1171,4.86,5.06,5.25,0.12
1172,4.93,5.04,5.23,0.09
1173,4.81,5.04,5.34,0.13
1174,4.89,5.04,5.29,0.11
1175,4.92,5.09,5.43,0.12
1176,4.88,5.13,5.62,0.19
1177,4.95,5.08,5.30,0.11
1178,4.86,5.03,5.23,0.09
1179,4.78,5.07,5.55,0.18
1180,4.93,5.11,5.68,0.18
1181,4.91,5.05,5.29,0.12
1182,4.79,5.13,5.39,0.14
1183,4.81,5.09,5.50,0.14
1184,4.91,5.06,5.47,0.15
1185,4.89,5.04,5.36,0.11
1186,4.92,5.08,5.25,0.11
1187,4.98,5.11,5.29,0.09
1188,4.90,5.10,5.47,0.14
1189,4.93,5.13,5.50,0.14
1190,4.93,5.15,5.43,0.12
1191,5.01,5.14,5.47,0.12
1192,4.85,5.08,5.45,0.13
1193,4.91,5.12,5.41,0.12
1194,4.93,5.08,5.32,0.10
1195,5.02,5.15,5.55,0.13
1196,5.01,5.18,5.50,0.13
1197,4.93,5.15,5.37,0.11
1198,5.01,5.21,5.49,0.13
1199,5.04,5.19,5.37,0.10
1200,4.93,5.17,5.46,0.14
1201,4.99,5.15,5.38,0.12
1202,4.89,5.15,5.49,0.15
1203,5.08,5.26,5.62,0.14
1204,4.98,5.20,5.38,0.13
1205,5.08,5.23,5.51,0.11
1206,4.99,5.18,5.34,0.11
1207,5.00,5.21,5.40,0.10
1208,4.99,5.21,5.76,0.21
1209,4.99,5.20,5.41,0.11
1210,4.98,5.13,5.43,0.12
1211,5.13,5.26,5.55,0.11
1212,5.04,5.24,5.57,0.12
1213,4.98,5.18,5.45,0.12
1214,5.05,5.33,6.75,0.35
1215,5.00,5.26,5.68,0.16
1216,4.89,5.19,5.53,0.17
1217,4.83,5.21,5.53,0.16
1218,5.08,5.24,5.67,0.15
1219,5.02,5.18,5.43,0.10
1220,5.06,5.21,5.46,0.11
1221,5.07,5.25,5.54,0.12
1222,4.99,5.21,5.54,0.13
1223,5.01,5.27,5.52,0.13
1224,5.06,5.29,5.53,0.13
1225,5.07,5.27,5.58,0.12
1226,5.03,5.24,5.60,0.14
1227,5.10,5.34,5.77,0.19
1228,5.07,5.25,5.45,0.09
1229,5.05,5.35,6.23,0.26
1230,5.14,5.37,5.69,0.16
1231,5.16,5.34,5.66,0.14
1232,5.03,5.25,5.53,0.14
1233,5.18,5.32,5.64,0.14
1234,5.11,5.31,5.61,0.13
1235,5.10,5.33,5.91,0.20
1236,5.17,5.34,5.58,0.11
1237,4.92,5.30,5.67,0.18
1238,5.16,5.37,5.61,0.13
1239,5.14,5.36,5.55,0.12
1240,5.00,5.33,5.48,0.10
1241,5.06,5.32,5.90,0.22
1242,5.14,5.32,5.71,0.15
1243,5.20,5.35,5.88,0.15
1244,4.90,5.91,6.69,0.48
1245,6.09,6.27,6.99,0.25
1246,5.02,5.62,6.44,0.45
1247,5.16,5.40,5.72,0.16
1248,5.19,5.66,6.23,0.30
1249,5.64,6.02,6.34,0.19
1250,5.14,5.80,6.37,0.36
1251,5.00,5.24,5.48,0.13
1252,5.12,5.33,5.75,0.14
1253,5.10,5.30,5.63,0.13
1254,4.99,5.20,5.38,0.09
1255,5.23,5.74,6.55,0.41
1256,5.90,6.14,6.43,0.13
1257,5.23,5.71,6.47,0.40
1258,5.10,5.50,6.63,0.32
1259,5.28,5.46,5.74,0.13
1260,5.26,5.40,5.69,0.13
1261,5.21,5.42,5.72,0.13
1262,5.31,5.44,5.77,0.11
1263,5.26,5.50,5.73,0.14
1264,5.25,5.45,5.80,0.15
1265,5.31,5.49,5.72,0.11
1266,5.26,5.46,5.83,0.16
1267,5.19,5.44,5.77,0.12
1268,5.22,5.43,5.89,0.18
1269,5.27,5.53,6.08,0.20
1270,5.33,5.48,5.81,0.14
1271,5.27,5.48,6.01,0.18
1272,5.33,5.52,5.80,0.12
1273,5.01,5.48,6.37,0.28
1274,5.23,5.49,5.90,0.18
1275,5.25,5.50,5.75,0.14
1276,5.27,5.48,5.72,0.12
1277,5.29,5.48,5.75,0.12
1278,5.26,5.48,6.01,0.16
1279,5.37,5.54,5.80,0.12
1280,5.25,5.49,5.83,0.16
1281,5.29,5.56,5.85,0.15
1282,5.36,5.62,6.22,0.21
1283,5.24,5.47,5.79,0.13
1284,5.32,5.54,6.00,0.20
1285,5.15,5.40,5.56,0.10
1286,5.27,5.46,5.81,0.16
1287,5.07,5.51,6.15,0.25
1288,5.38,5.53,5.78,0.11
1289,5.36,5.61,5.95,0.16
1290,5.36,5.59,5.89,0.11
1291,5.32,5.55,5.97,0.16
1292,5.41,5.61,6.24,0.19
1293,5.39,5.60,6.03,0.16
1294,5.45,5.54,5.78,0.10
1295,5.42,5.62,5.82,0.11
1296,5.41,5.59,5.95,0.13
1297,5.49,5.63,5.96,0.13
1298,5.39,5.57,5.82,0.12
1299,5.43,5.62,5.88,0.11
1300,5.41,5.66,6.18,0.21
1301,5.38,5.58,5.77,0.10
1302,5.31,5.55,5.78,0.12
1303,5.37,5.58,5.84,0.12
1304,5.49,5.64,5.87,0.12
1305,5.50,5.69,6.09,0.16
1306,5.43,5.62,5.86,0.11
1307,5.43,5.61,5.96,0.12
1308,5.39,5.64,5.87,0.14
1309,5.40,5.60,5.86,0.14
1310,5.41,5.61,5.80,0.11
1311,5.45,5.68,6.07,0.14
1312,5.42,5.67,5.92,0.14
1313,5.46,5.64,5.84,0.12
1314,5.35,5.69,5.95,0.14
1315,5.47,5.68,5.96,0.14
1316,5.49,5.69,6.04,0.14
1317,5.51,5.74,6.90,0.29
1318,5.42,5.71,5.96,0.12
1319,5.30,5.64,5.88,0.13
1320,5.52,5.73,6.14,0.15
1321,5.49,5.75,6.08,0.18
1322,5.42,5.64,5.98,0.13
1323,5.57,5.74,5.92,0.09
1324,5.55,5.70,6.06,0.13
1325,5.54,5.75,6.02,0.14
1326,5.46,5.73,6.06,0.13
1327,5.44,5.78,6.27,0.20
1328,5.47,5.79,6.22,0.20
1329,5.55,5.72,6.03,0.10
1330,5.44,5.69,6.06,0.15
1331,5.61,5.82,6.57,0.21
1332,5.59,5.73,6.13,0.13
1333,5.58,5.78,6.12,0.13
1334,5.53,6.26,9.64,1.15
1335,5.59,5.82,6.11,0.15
1336,5.47,5.74,6.05,0.14
1337,5.58,5.82,6.10,0.15
1338,5.52,5.71,6.08,0.13
1339,5.66,5.82,6.09,0.11
1340,5.61,5.77,6.17,0.15
1341,5.54,5.75,6.06,0.13
1342,5.59,5.81,6.02,0.14
1343,5.36,5.75,6.52,0.26
1344,5.57,5.76,5.94,0.09
1345,5.52,5.75,6.15,0.17
1346,5.51,5.71,6.13,0.15
1347,5.51,5.66,6.03,0.14
1348,5.46,5.64,5.85,0.10
1349,5.50,5.64,5.93,0.12
1350,5.50,5.73,6.00,0.13
1351,5.62,5.81,6.28,0.17
1352,5.62,5.82,6.08,0.14
1353,5.57,5.80,6.26,0.17
1354,5.68,5.88,6.29,0.17
1355,5.65,5.84,6.12,0.13
1356,5.68,5.85,6.04,0.10
1357,5.59,5.82,6.24,0.15
1358,5.63,5.91,6.21,0.16
1359,5.65,5.83,6.11,0.13
1360,5.70,5.90,7.18,0.32
1361,5.52,5.84,6.26,0.16
1362,5.61,5.89,6.58,0.23
1363,5.62,5.90,6.15,0.14
1364,5.39,5.85,6.62,0.25
1365,5.70,5.86,6.17,0.10
1366,5.68,5.89,6.24,0.14
1367,5.73,5.96,6.71,0.23
1368,5.69,5.94,6.22,0.15
1369,5.60,5.84,6.23,0.15
1370,5.66,5.97,6.47,0.23
1371,5.69,5.84,6.13,0.13
1372,5.66,5.90,6.24,0.14
1373,5.76,5.90,6.16,0.12
1374,5.72,5.95,6.34,0.14
1375,5.57,5.94,6.74,0.26
1376,5.67,5.89,6.19,0.15
1377,5.69,5.93,6.47,0.19
1378,5.66,5.93,6.14,0.14
1379,5.63,5.79,6.16,0.14
1380,5.61,5.90,6.40,0.18
1381,5.70,5.93,6.44,0.17
1382,5.78,5.94,6.18,0.12
1383,5.70,5.95,6.26,0.15
1384,5.78,5.99,6.32,0.16
1385,5.79,5.93,6.13,0.12
1386,5.85,6.01,6.41,0.13
1387,5.82,6.00,6.32,0.15
1388,5.75,6.01,6.51,0.19
1389,5.76,6.00,6.18,0.12
1390,5.75,6.04,6.62,0.20
1391,5.85,6.61,6.83,0.20
1392,5.78,6.66,7.11,0.25
1393,5.80,6.01,6.48,0.16
1394,5.74,6.04,6.45,0.17
1395,5.81,6.00,6.63,0.21
1396,5.86,6.01,6.29,0.14
1397,5.76,6.08,6.64,0.19
1398,5.65,5.99,6.41,0.18
1399,5.85,6.05,6.21,0.12
1400,5.60,6.03,6.49,0.20
1401,5.75,5.96,6.39,0.16
1402,5.81,6.10,6.41,0.19
1403,5.78,6.01,6.29,0.13
1404,5.50,6.12,7.49,0.36
1405,5.37,6.01,6.29,0.18
1406,5.84,6.05,6.30,0.13
1407,5.77,6.03,6.40,0.16
1408,5.64,6.05,6.39,0.17
1409,5.80,6.07,6.28,0.12
1410,5.69,6.01,6.42,0.20
1411,5.86,6.11,6.40,0.16
1412,5.85,6.09,6.32,0.12
1413,5.87,6.04,6.33,0.12
1414,5.87,6.06,6.49,0.15
1415,5.89,6.06,6.29,0.11
1416,5.92,6.07,6.38,0.13
1417,5.85,6.07,6.52,0.17
1418,5.85,6.11,6.52,0.17
1419,5.85,6.14,7.02,0.24
1420,5.95,6.12,6.35,0.11
1421,5.92,6.14,6.79,0.21
1422,5.95,6.09,6.37,0.13
1423,5.86,6.12,6.74,0.21
1424,5.87,6.17,6.49,0.18
1425,5.79,6.11,6.51,0.17
1426,5.85,6.02,6.21,0.11
1427,5.77,6.05,6.38,0.15
1428,5.98,6.19,6.46,0.15
1429,6.06,6.20,6.38,0.10
1430,5.95,6.15,6.45,0.15
1431,5.90,6.14,6.56,0.14
1432,5.99,6.24,6.63,0.17
1433,5.95,6.22,6.81,0.22
1434,5.61,6.08,6.92,0.33
1435,5.86,6.06,6.38,0.14
1436,5.80,6.04,6.30,0.14
1437,5.91,6.10,6.38,0.14
1438,5.84,6.03,6.36,0.14
1439,5.68,6.01,6.20,0.15
1440,5.98,6.18,6.42,0.12
1441,6.02,6.22,6.70,0.19
1442,5.95,6.21,6.62,0.18
1443,5.84,6.13,6.45,0.13
1444,6.02,6.20,6.53,0.14
1445,5.93,6.19,6.43,0.10
1446,5.99,6.24,6.57,0.16
1447,6.10,6.26,6.61,0.14
1448,5.65,6.20,6.72,0.26
1449,5.96,6.21,6.55,0.14
1450,5.95,6.24,6.58,0.16
1451,6.03,6.26,6.73,0.17
1452,6.06,6.31,6.76,0.16
1453,5.84,6.29,6.81,0.23
1454,6.10,6.36,7.06,0.27
1455,6.05,6.31,6.95,0.24
1456,6.08,6.29,6.51,0.12
1457,6.08,6.29,6.58,0.14
1458,5.96,6.34,6.69,0.17
1459,6.06,6.30,6.76,0.16
1460,6.14,6.42,7.16,0.29
1461,6.05,6.32,6.72,0.16
1462,6.04,6.26,6.62,0.15
1463,5.75,6.17,7.98,0.45
1464,6.14,6.35,6.77,0.16
1465,6.05,6.30,6.79,0.19
1466,5.36,6.37,7.29,0.34
1467,6.13,6.37,6.67,0.13
1468,6.13,6.36,6.70,0.15
1469,6.15,6.33,6.53,0.10
1470,6.12,6.33,6.62,0.17
1471,6.16,6.34,6.78,0.19
1472,6.15,6.41,6.70,0.15
1473,6.13,6.34,6.65,0.13
1474,6.17,6.35,6.51,0.10
1475,6.03,6.33,6.64,0.16
1476,6.13,6.39,6.73,0.17
1477,6.13,6.86,11.15,1.33
1478,6.15,6.36,6.83,0.16
1479,6.17,6.43,6.79,0.17
1480,6.13,6.35,6.83,0.16
1481,6.11,6.30,6.72,0.15
1482,6.12,6.36,6.76,0.18
1483,6.24,6.43,6.74,0.11
1484,6.22,6.40,6.67,0.11
1485,6.29,6.44,6.64,0.12
1486,6.22,6.44,6.87,0.18
1487,6.17,6.32,6.56,0.10
1488,6.25,6.42,6.73,0.13
1489,6.20,6.45,6.80,0.15
1490,6.18,6.40,6.72,0.14
1491,6.14,6.40,6.99,0.21
1492,6.24,6.45,7.38,0.29
1493,6.18,6.46,6.80,0.17
1494,6.19,6.45,6.86,0.19
1495,6.18,6.48,6.71,0.14
1496,6.25,6.49,7.00,0.21
1497,6.28,6.43,6.69,0.12
1498,6.22,6.45,6.83,0.16
1499,6.23,6.50,6.85,0.16
1500,6.21,6.49,6.87,0.15
1501,6.29,6.51,6.74,0.14
1502,6.23,6.46,7.04,0.18
1503,6.20,6.49,7.21,0.24
1504,6.11,6.54,6.99,0.21
1505,6.24,6.45,6.86,0.17
1506,6.27,6.46,6.76,0.13
1507,6.33,6.50,6.80,0.15
1508,6.24,6.55,6.83,0.14
1509,6.29,6.52,6.81,0.15
1510,6.26,6.53,7.12,0.23
1511,6.31,6.52,6.85,0.13
1512,6.28,6.49,6.80,0.15
1513,6.32,6.58,6.88,0.18
1514,6.28,6.51,6.75,0.13
1515,6.30,6.54,6.88,0.17
1516,6.29,6.44,6.70,0.11
1517,6.33,6.53,6.87,0.13
1518,6.19,6.48,7.09,0.21
1519,5.96,6.49,7.28,0.26
1520,6.26,6.44,6.74,0.12
1521,6.12,6.34,6.64,0.13
1522,6.14,6.34,6.69,0.16
1523,6.42,6.57,6.83,0.12
1524,6.35,6.58,6.92,0.14
1525,6.31,6.51,6.82,0.11
1526,6.32,6.59,6.97,0.17
1527,6.14,6.52,6.95,0.17
1528,6.37,6.60,6.90,0.15
1529,6.37,6.59,6.92,0.14
1530,6.37,6.64,7.20,0.22
1531,6.38,6.61,7.16,0.21
1532,6.36,6.61,6.88,0.14
1533,6.40,6.64,7.02,0.18
1534,6.40,6.57,6.96,0.15
1535,6.23,6.59,6.97,0.18
1536,6.39,6.58,7.02,0.15
1537,6.31,6.59,7.29,0.21
1538,6.38,6.59,6.92,0.15
1539,6.35,6.62,7.22,0.20
1540,6.43,6.64,7.00,0.13
1541,6.41,6.65,7.16,0.18
1542,6.43,6.72,7.10,0.18
1543,6.39,6.59,7.24,0.19
1544,6.49,6.64,6.98,0.14
1545,6.40,6.70,6.97,0.14
1546,6.49,6.67,6.98,0.12
1547,6.43,6.59,6.93,0.13
1548,6.42,6.70,7.16,0.16
1549,6.47,6.67,6.94,0.14
1550,6.48,6.75,7.03,0.16
1551,6.38,6.63,7.10,0.17
1552,6.48,6.65,7.07,0.14
1553,6.47,6.70,6.95,0.13
1554,6.48,6.75,7.09,0.20
1555,6.46,6.62,6.88,0.12
1556,6.54,6.78,7.10,0.17
1557,6.49,6.76,7.13,0.16
1558,6.50,6.71,7.15,0.15
1559,6.49,6.74,7.27,0.19
1560,6.35,6.79,7.40,0.24
1561,6.51,6.78,7.10,0.14
1562,6.38,6.74,7.35,0.20
1563,6.59,6.78,7.06,0.15
1564,6.54,6.76,7.19,0.19
1565,6.53,6.72,7.00,0.12
1566,6.53,6.74,7.16,0.16
1567,6.53,6.77,7.14,0.18
1568,6.52,6.79,7.49,0.26
1569,6.61,6.80,7.10,0.14
1570,6.57,6.84,7.42,0.21
1571,6.59,6.75,7.03,0.14
1572,6.54,6.80,7.09,0.15
1573,6.45,6.76,7.12,0.17
1574,6.59,6.77,7.13,0.15
1575,6.50,6.72,6.97,0.11
1576,6.62,6.78,6.99,0.12
1577,6.59,6.82,7.66,0.27
1578,6.66,6.84,7.10,0.14
1579,6.62,6.81,7.23,0.16
1580,6.55,6.82,7.16,0.15
1581,6.62,6.88,7.43,0.20
1582,6.51,6.82,7.16,0.16
1583,6.58,6.84,7.13,0.16
1584,6.60,6.85,7.19,0.16
1585,6.58,6.82,7.48,0.24
1586,6.67,6.87,7.45,0.21
1587,6.57,6.80,7.32,0.18
1588,6.68,6.93,7.61,0.22
1589,6.68,6.92,7.26,0.14
1590,6.63,6.88,7.33,0.20
1591,6.56,6.82,7.14,0.17
1592,6.66,6.81,7.02,0.10
1593,6.65,6.86,7.23,0.17
1594,6.65,6.91,7.44,0.21
1595,6.70,6.85,7.40,0.18
1596,6.69,6.85,7.12,0.11
1597,6.32,6.85,7.34,0.20
1598,6.38,6.71,6.94,0.14
1599,6.48,6.78,7.16,0.20
1600,6.51,6.74,7.16,0.18
1601,6.40,6.77,7.08,0.18
1602,6.52,6.80,7.12,0.16
1603,6.72,6.94,7.40,0.18
1604,6.70,6.93,7.30,0.17
1605,6.65,6.92,7.20,0.14
1606,6.66,6.88,7.31,0.14
1607,6.71,6.88,7.19,0.13
1608,6.67,6.92,7.47,0.17
1609,6.76,6.90,7.38,0.17
1610,6.72,6.90,7.20,0.14
1611,6.74,6.95,7.33,0.16
1612,6.69,6.95,7.65,0.24
1613,6.74,7.00,7.49,0.20
1614,6.68,6.90,7.33,0.17
1615,6.66,7.07,7.52,0.25
1616,6.76,7.02,7.48,0.20
1617,6.68,7.01,7.55,0.21
1618,6.74,7.00,7.33,0.18
1619,6.70,7.03,7.50,0.18
1620,6.65,7.02,7.63,0.21
1621,6.71,6.98,7.28,0.13
1622,6.73,6.99,7.39,0.18
1623,6.76,6.98,7.36,0.14
1624,6.85,7.03,7.60,0.21
1625,6.75,6.92,7.27,0.13
1626,6.77,7.01,7.45,0.18
1627,6.78,6.99,7.32,0.16
1628,6.75,7.10,7.44,0.18
1629,6.77,7.04,7.43,0.20
1630,6.79,7.04,7.36,0.18
1631,6.76,7.01,7.53,0.22
1632,6.83,7.06,7.56,0.20
1633,6.70,6.99,7.33,0.14
1634,6.79,7.09,7.41,0.15
1635,6.82,7.04,7.34,0.17
1636,6.76,7.07,7.59,0.21
1637,6.84,7.06,7.40,0.16
1638,6.87,16.07,91.45,25.24
1639,7.46,11.19,21.68,4.00
1640,6.93,8.14,10.64,0.87
1641,7.23,7.97,12.81,1.30
1642,7.17,7.40,7.89,0.24
1643,7.11,7.34,7.98,0.26
1644,6.98,7.28,7.71,0.21
1645,6.97,7.30,8.00,0.27
1646,7.05,7.28,7.53,0.14
1647,7.08,7.27,7.72,0.20
1648,6.83,7.16,7.63,0.22
1649,6.95,7.19,7.56,0.17
1650,6.94,7.20,7.75,0.19
1651,6.96,7.19,7.55,0.16
1652,6.89,7.23,7.79,0.26
1653,6.48,7.28,7.86,0.44
1654,7.05,7.29,7.66,0.17
1655,6.87,7.21,7.88,0.27
1656,6.95,7.19,7.67,0.18
1657,6.88,7.21,7.52,0.17
1658,7.00,7.30,7.99,0.25
1659,6.95,7.22,7.71,0.22
1660,6.70,7.24,7.64,0.23
1661,6.86,7.06,7.19,0.09
1662,7.05,7.38,7.64,0.15
1663,7.09,7.36,7.67,0.18
1664,7.04,7.31,7.72,0.18
1665,7.16,7.37,7.70,0.16
1666,7.06,7.29,7.64,0.16
1667,7.22,7.52,8.10,0.21
1668,7.21,7.53,8.01,0.24
1669,7.09,7.25,7.77,0.17
1670,7.03,7.34,7.78,0.20
1671,7.18,7.35,7.76,0.16
1672,7.08,7.34,8.27,0.31
1673,7.05,7.33,7.92,0.28
1674,7.11,7.32,8.05,0.20
1675,7.15,7.35,7.70,0.14
1676,7.07,7.29,7.66,0.15
1677,6.97,7.44,8.53,0.35
1678,7.05,7.21,7.54,0.12
1679,7.11,7.31,7.62,0.15
1680,6.66,7.13,7.61,0.27
1681,7.04,7.30,8.17,0.24
1682,7.10,7.37,9.08,0.43
1683,7.01,7.29,7.71,0.19
1684,7.12,7.35,8.14,0.25
1685,7.02,7.29,7.69,0.16
1686,7.07,7.37,8.26,0.29
1687,7.05,7.27,7.57,0.14
1688,7.08,7.31,7.60,0.15
1689,7.01,7.24,7.64,0.15
1690,6.96,7.24,7.56,0.17
1691,6.89,7.35,7.75,0.20
1692,7.01,7.28,7.56,0.16
1693,7.07,7.31,7.83,0.17
1694,7.08,7.31,7.72,0.16
1695,7.12,7.37,7.95,0.21
1696,7.12,7.48,8.63,0.35
1697,6.68,7.31,7.68,0.22
1698,7.17,7.37,7.96,0.20
1699,7.13,7.36,7.93,0.21
1700,7.12,7.37,7.83,0.19
1701,7.11,7.35,7.61,0.14
1702,7.23,7.38,7.71,0.12
1703,7.14,7.29,7.72,0.16
1704,7.10,7.39,7.73,0.17
1705,7.05,7.36,7.87,0.21
1706,7.07,7.39,7.71,0.16
1707,7.08,7.43,7.79,0.19
1708,6.92,7.26,7.78,0.24
1709,7.21,7.37,7.70,0.12
1710,7.15,7.40,8.13,0.22
1711,6.72,7.34,7.88,0.27
1712,7.21,7.43,7.92,0.19
1713,7.13,7.45,7.87,0.19
1714,7.24,7.43,7.83,0.15
1715,7.21,7.44,7.75,0.15
1716,7.22,7.48,7.92,0.21
1717,7.17,7.40,7.79,0.15
1718,7.26,7.44,7.79,0.15
1719,7.15,7.44,7.94,0.20
1720,7.21,7.43,7.80,0.15
1721,7.22,7.41,7.68,0.13
1722,7.11,7.41,7.66,0.13
1723,7.25,7.41,7.79,0.14
1724,7.23,7.61,8.67,0.46
1725,7.19,7.56,8.80,0.35
1726,7.16,7.47,7.86,0.16
1727,7.17,7.42,7.69,0.11
1728,7.24,7.43,7.75,0.12
1729,7.26,7.47,7.70,0.13
1730,7.28,7.45,7.77,0.12
1731,7.27,7.56,8.13,0.21
1732,7.31,7.49,7.92,0.16
1733,6.96,7.36,7.77,0.23
1734,7.12,7.51,7.86,0.20
1735,7.25,7.48,7.87,0.15
1736,7.10,7.47,7.85,0.20
1737,7.25,7.57,7.93,0.19
1738,7.50,7.71,8.40,0.24
1739,7.30,7.56,8.18,0.25
1740,6.83,7.63,9.15,0.53
1741,7.31,7.54,7.94,0.16
1742,7.12,7.44,7.78,0.15
1743,7.25,7.60,8.27,0.23
1744,7.20,7.45,7.98,0.17
1745,7.33,7.57,8.07,0.20
1746,7.29,7.55,7.97,0.16
1747,7.32,7.57,8.03,0.18
1748,7.13,7.58,7.91,0.23
1749,7.22,7.53,8.11,0.22
1750,7.37,7.57,8.01,0.17
1751,7.39,7.62,8.31,0.20
1752,7.34,7.66,8.09,0.22
1753,7.35,7.61,7.85,0.16
1754,7.28,7.58,8.15,0.25
1755,7.31,7.63,9.23,0.40
1756,7.34,7.55,8.01,0.17
1757,7.42,7.61,7.88,0.13
1758,7.39,7.63,7.98,0.15
1759,7.40,7.63,7.96,0.16
1760,7.37,7.58,8.08,0.17
1761,7.29,7.55,8.03,0.21
1762,7.35,7.63,8.20,0.19
1763,7.44,7.57,7.92,0.13
1764,7.40,7.65,8.14,0.18
1765,7.41,7.61,7.90,0.17
1766,7.54,7.72,8.28,0.22
1767,7.41,7.65,8.01,0.19
1768,7.41,7.59,7.92,0.12
1769,7.06,7.75,8.95,0.35
1770,7.35,7.67,8.01,0.18
1771,7.34,7.62,7.97,0.15
1772,7.29,7.57,7.85,0.15
1773,7.51,7.69,8.09,0.14
1774,7.29,7.58,8.06,0.23
1775,7.52,7.65,7.92,0.11
1776,7.50,7.68,8.03,0.14
1777,7.50,7.70,8.07,0.17
1778,7.47,7.75,7.96,0.15
1779,7.49,7.76,8.13,0.19
1780,7.49,7.85,9.54,0.52
1781,7.47,7.69,8.05,0.13
1782,7.41,7.71,8.04,0.18
1783,7.52,7.71,8.06,0.16
1784,7.54,7.73,8.22,0.19
1785,7.51,7.72,8.04,0.15
1786,7.13,7.67,8.33,0.27
1787,7.31,7.63,8.25,0.25
1788,7.40,7.70,8.03,0.17
1789,7.55,7.69,8.07,0.14
1790,7.40,7.74,7.98,0.14
1791,7.52,7.78,8.20,0.21
1792,7.30,7.74,8.42,0.25
1793,7.54,7.80,8.34,0.22
1794,7.43,7.69,8.56,0.25
1795,7.43,7.79,8.40,0.21
1796,7.53,7.79,8.11,0.18
1797,7.56,7.75,8.02,0.12
1798,7.43,7.77,8.42,0.26
1799,7.50,7.76,8.08,0.15
1800,7.52,7.78,8.14,0.18
1801,7.58,7.84,8.29,0.20
1802,7.58,7.82,8.48,0.22
1803,7.34,7.75,8.11,0.20
1804,7.62,7.90,8.53,0.20
1805,7.56,7.81,8.45,0.25
1806,7.48,7.71,8.01,0.14
1807,7.58,8.04,8.82,0.29
1808,7.72,8.05,8.62,0.24
1809,7.67,7.89,8.31,0.16
1810,7.59,7.81,8.30,0.19
1811,7.34,7.71,8.38,0.27
1812,7.39,7.60,8.22,0.21
1813,7.43,8.37,9.25,0.44
1814,7.65,8.33,8.97,0.54
1815,7.67,7.91,8.56,0.25
1816,7.64,7.82,8.14,0.15
1817,7.67,7.87,8.34,0.15
1818,7.59,7.84,8.23,0.18
1819,7.49,7.89,8.84,0.32
1820,7.67,7.97,8.70,0.29
1821,8.19,8.81,9.04,0.22
1822,7.69,8.16,9.24,0.51
1823,7.53,7.84,8.34,0.25
1824,7.67,7.86,8.36,0.19
1825,7.65,7.87,8.28,0.17
1826,7.53,7.83,8.17,0.19
1827,7.65,7.86,8.34,0.16
1828,7.53,7.84,8.83,0.27
1829,7.52,7.83,8.23,0.15
1830,7.58,7.82,8.24,0.17
1831,7.73,7.94,8.43,0.17
1832,7.71,7.91,8.30,0.16
1833,7.68,7.97,8.79,0.24
1834,6.45,7.97,12.02,1.08
1835,7.71,7.94,8.25,0.14
1836,7.65,7.90,8.29,0.16
1837,7.55,7.99,8.33,0.20
1838,7.67,7.95,9.10,0.39
1839,7.53,7.85,8.35,0.21
1840,7.72,7.99,8.28,0.14
1841,7.69,7.94,8.58,0.22
1842,7.72,8.01,9.27,0.32
1843,7.70,8.00,8.40,0.19
1844,7.72,7.99,8.41,0.19
1845,7.66,7.95,8.41,0.19
1846,7.76,7.99,8.43,0.19
1847,7.72,7.88,8.21,0.13
1848,7.80,8.05,8.80,0.25
1849,7.70,7.99,8.23,0.16
1850,7.76,8.00,8.43,0.17
1851,7.52,7.89,8.45,0.23
1852,7.69,7.98,8.51,0.22
1853,7.67,8.02,8.37,0.20
1854,7.80,7.99,8.27,0.13
1855,7.83,8.10,8.56,0.22
1856,7.86,8.02,8.36,0.14
1857,7.58,7.92,8.29,0.19
1858,7.80,8.01,8.29,0.15
1859,7.80,8.00,8.42,0.16
1860,7.75,8.02,8.41,0.17
1861,7.72,8.05,8.81,0.26
1862,7.81,8.10,8.49,0.16
1863,7.77,8.04,8.47,0.18
1864,7.62,8.05,8.92,0.31
1865,7.78,8.05,8.52,0.16
1866,7.81,8.05,8.62,0.21
1867,7.80,8.06,8.47,0.17
1868,7.88,8.21,8.76,0.23
1869,7.79,8.09,8.61,0.20
1870,7.85,8.12,8.51,0.19
1871,7.64,8.16,9.28,0.35
1872,7.72,8.06,8.55,0.20
1873,7.59,8.09,8.52,0.27
1874,8.11,8.42,8.94,0.25
1875,7.98,8.37,9.08,0.33
1876,7.75,8.14,8.94,0.31
1877,7.88,8.21,8.90,0.27
1878,7.90,8.09,8.40,0.13
1879,7.94,8.08,8.28,0.10
1880,7.93,8.13,8.74,0.19
1881,7.95,8.12,8.90,0.24
1882,7.90,8.17,8.51,0.17
1883,7.93,8.17,8.48,0.14
1884,7.95,8.17,8.49,0.18
1885,7.98,8.15,8.54,0.14
1886,7.49,8.17,9.12,0.39
1887,7.77,8.21,8.70,0.24
1888,7.90,8.15,8.65,0.20
1889,7.87,8.07,8.42,0.16
1890,7.92,8.18,8.68,0.23
1891,7.96,8.13,8.53,0.15
1892,7.93,8.19,8.60,0.18
1893,8.01,8.20,8.49,0.14
1894,7.86,8.13,8.40,0.14
1895,7.97,8.19,8.69,0.19
1896,7.99,8.21,8.66,0.18
1897,7.93,8.19,8.56,0.18
1898,7.92,8.14,8.65,0.18
1899,7.92,8.18,8.56,0.14
1900,7.67,8.17,8.94,0.24
1901,7.53,8.13,8.54,0.23
1902,8.04,8.25,8.66,0.16
1903,7.75,8.30,9.07,0.29
1904,8.02,8.23,8.65,0.17
1905,8.05,8.26,8.65,0.16
1906,8.07,8.29,9.17,0.27
1907,8.01,8.27,8.58,0.16
1908,8.03,8.21,8.50,0.12
1909,8.00,8.26,8.71,0.19
1910,7.97,8.25,9.11,0.27
1911,8.00,8.30,8.71,0.21
1912,8.06,8.34,8.84,0.25
1913,7.78,8.19,9.00,0.27
1914,8.07,8.34,8.90,0.27
1915,7.65,8.28,8.89,0.27
1916,7.53,8.20,8.45,0.18
1917,8.04,8.32,9.04,0.25
1918,7.96,8.31,8.75,0.21
1919,7.85,8.15,8.45,0.18
1920,8.05,8.28,8.84,0.18
1921,8.10,8.28,8.90,0.20
1922,7.96,8.25,8.78,0.23
1923,8.07,8.27,8.56,0.14
1924,8.12,8.43,9.09,0.27
1925,7.82,8.19,8.69,0.24
1926,7.90,8.25,8.80,0.21
1927,8.10,8.26,8.48,0.11
1928,8.14,8.36,8.76,0.17
1929,8.11,8.50,8.86,0.20
1930,7.65,8.39,10.71,0.61
1931,8.07,8.33,8.84,0.22
1932,8.11,8.33,8.76,0.17
1933,8.10,8.39,8.76,0.17
1934,8.11,8.36,8.68,0.14
1935,7.90,8.46,8.81,0.21
1936,7.86,8.38,8.69,0.20
1937,7.84,8.35,9.37,0.35
1938,7.96,8.41,8.70,0.24
1939,8.17,8.59,9.62,0.34
1940,8.13,8.51,9.36,0.36
1941,8.16,8.41,8.90,0.23
1942,8.17,8.43,9.36,0.30
1943,8.14,8.49,9.62,0.39
1944,8.04,8.43,9.46,0.33
1945,8.23,8.41,8.73,0.13
1946,8.10,8.41,8.78,0.18
1947,8.19,8.35,8.84,0.16
1948,8.18,8.37,8.80,0.18
1949,8.16,8.37,8.71,0.16
1950,8.18,8.44,8.82,0.16
1951,8.23,8.46,8.84,0.16
1952,8.27,8.45,8.85,0.16
1953,8.24,8.47,8.75,0.16
1954,8.23,8.45,9.18,0.22
1955,8.25,8.43,8.59,0.10
1956,8.16,8.48,8.90,0.22
1957,8.27,8.53,8.99,0.22
1958,8.26,8.51,9.36,0.29
1959,8.02,8.42,8.84,0.24
1960,8.22,8.44,9.10,0.22
1961,7.89,8.36,9.40,0.33
1962,8.27,8.54,8.86,0.18
1963,8.26,8.44,8.87,0.17
1964,8.32,8.50,8.81,0.16
1965,8.28,8.54,8.86,0.17
1966,8.17,8.54,8.97,0.23
1967,8.35,8.52,8.82,0.10
1968,8.25,8.55,9.28,0.26
1969,8.25,8.44,9.02,0.20
1970,8.19,8.56,8.97,0.21
1971,8.29,8.51,8.88,0.14
1972,8.32,8.56,9.03,0.23
1973,8.03,8.48,9.02,0.26
1974,8.09,8.49,8.77,0.16
1975,8.31,8.54,9.45,0.29
1976,8.34,8.55,8.96,0.16
1977,8.23,8.60,9.16,0.24
1978,8.22,8.50,8.81,0.16
1979,8.28,8.52,9.15,0.20
1980,8.21,8.62,9.66,0.35
1981,8.36,8.54,9.04,0.19
1982,8.32,8.57,9.09,0.23
1983,8.42,8.62,9.03,0.17
1984,8.37,8.64,9.55,0.34
1985,8.11,8.35,8.74,0.17
1986,8.20,8.52,8.75,0.11
1987,8.42,8.69,9.08,0.19
1988,8.10,8.47,9.37,0.32
1989,8.36,8.58,9.03,0.19
1990,8.35,8.56,8.95,0.15
1991,8.44,8.67,9.05,0.20
1992,8.40,8.64,9.22,0.25
1993,8.23,8.56,9.01,0.20
1994,8.20,8.47,8.72,0.14
1995,8.37,8.60,9.17,0.22
1996,7.95,8.50,8.83,0.18
1997,7.91,8.62,9.04,0.23
1998,8.38,8.62,9.21,0.22
1999,8.43,8.70,9.28,0.19
2000,8.20,8.64,9.37,0.32
2001,8.73,9.04,9.99,0.37
2002,8.48,8.91,9.29,0.23
2003,8.39,8.69,9.16,0.21
2004,8.30,8.58,8.98,0.16
2005,8.34,8.61,9.28,0.23
2006,8.38,8.70,9.39,0.22
2007,8.39,8.75,9.08,0.19
2008,8.35,8.58,9.07,0.18
2009,8.37,8.61,8.95,0.16
2010,8.50,8.77,9.51,0.28
2011,8.46,8.70,9.09,0.18
2012,8.40,8.68,9.12,0.20
2013,8.46,8.73,9.35,0.23
2014,8.46,8.67,9.12,0.19
2015,8.38,8.74,9.20,0.21
2016,8.38,8.65,8.94,0.13
2017,8.50,8.79,9.09,0.16
2018,8.33,8.77,9.41,0.27
2019,8.39,8.72,9.04,0.15
2020,8.49,8.71,8.98,0.15
2021,8.51,8.72,9.21,0.21
2022,8.51,8.74,9.12,0.18
2023,8.49,8.77,9.04,0.17
2024,8.51,8.79,9.28,0.23
2025,8.60,8.75,9.17,0.16
2026,8.49,8.71,8.93,0.13
2027,8.53,8.85,9.65,0.23
2028,8.46,8.76,9.25,0.21
2029,8.52,8.81,9.04,0.14
2030,8.43,8.76,9.27,0.20
2031,8.41,8.74,9.29,0.23
2032,8.53,8.78,9.56,0.24
2033,8.49,8.80,9.27,0.21
2034,8.63,8.83,9.09,0.15
2035,8.49,8.73,9.18,0.18
2036,8.52,8.82,9.33,0.20
2037,8.61,8.78,9.08,0.13
2038,8.54,8.80,9.21,0.19
2039,8.49,8.86,9.69,0.31
2040,8.62,8.83,9.33,0.21
2041,8.57,8.88,9.95,0.36
2042,8.26,8.84,9.29,0.26
2043,8.34,8.79,9.12,0.19
2044,8.57,8.84,9.49,0.25
2045,8.60,8.88,9.25,0.21
2046,8.64,8.84,9.23,0.17
2047,8.58,8.84,9.39,0.24
2048,8.47,8.86,9.26,0.21
2049,8.67,8.91,9.54,0.23
2050,8.64,8.87,9.42,0.20
2051,8.66,8.90,9.46,0.20
2052,8.65,8.93,9.35,0.21
2053,8.70,8.86,9.50,0.22
2054,8.36,8.85,9.34,0.25
2055,8.70,8.88,9.33,0.19
2056,8.60,8.87,9.44,0.23
2057,8.64,8.88,9.35,0.18
2058,8.62,8.91,9.71,0.26
2059,8.70,8.93,9.40,0.19
2060,8.66,8.89,9.28,0.18
2061,8.44,8.82,9.22,0.20
2062,8.74,9.18,9.76,0.26
2063,8.80,9.20,9.91,0.38
2064,8.76,8.91,9.06,0.10
2065,8.50,8.86,9.38,0.24
2066,8.77,9.00,9.46,0.23
2067,8.62,9.02,9.54,0.25
2068,8.69,8.94,9.46,0.17
2069,8.78,9.02,9.52,0.21
2070,8.80,8.99,9.42,0.18
2071,8.66,8.95,9.53,0.23
2072,8.67,8.95,9.30,0.13
2073,8.76,8.97,9.32,0.16
2074,8.75,9.02,9.58,0.20
2075,8.78,8.99,9.42,0.15
2076,8.68,8.95,9.48,0.21
2077,8.80,9.04,9.37,0.16
2078,8.64,9.29,10.47,0.53
2079,9.03,9.91,10.91,0.58
2080,8.77,9.08,9.40,0.19
2081,8.80,9.05,9.78,0.25
2082,8.81,9.02,9.59,0.20
2083,8.67,8.96,9.68,0.25
2084,9.63,10.06,10.40,0.18
2085,8.75,9.31,10.39,0.55
2086,8.74,9.04,9.62,0.23
2087,8.76,9.05,9.66,0.24
2088,8.81,9.07,9.56,0.18
2089,8.77,8.96,9.43,0.16
2090,8.55,9.06,9.52,0.23
2091,8.58,8.99,10.19,0.40
2092,8.90,9.18,9.41,0.15
2093,8.93,9.29,9.90,0.29
2094,8.84,9.10,10.33,0.41
2095,8.78,9.03,9.52,0.20
2096,8.86,9.06,9.35,0.14
2097,8.81,9.06,9.32,0.14
2098,7.55,9.63,11.75,1.08
2099,8.72,9.15,9.96,0.33
2100,8.68,9.04,9.47,0.19
2101,8.87,9.06,9.64,0.20
2102,8.76,9.04,9.51,0.23
2103,8.89,9.08,9.71,0.22
2104,8.53,9.07,10.03,0.30
2105,8.73,9.03,9.48,0.17
2106,8.67,10.79,22.92,4.11
2107,7.47,9.54,13.27,1.63
2108,7.92,11.63,24.65,4.48
2109,6.87,9.27,15.38,1.65
2110,7.52,9.93,16.22,1.78
2111,7.04,9.48,12.50,1.40
2112,7.98,9.46,10.20,0.49
2113,8.93,9.52,10.53,0.46
2114,8.85,9.23,10.17,0.34
2115,7.64,8.92,9.62,0.38
2116,7.79,9.75,11.20,0.94
2117,8.97,9.56,10.45,0.47
2118,9.25,9.72,10.49,0.35
2119,9.60,9.90,10.47,0.24
2120,9.51,9.87,10.41,0.24
2121,9.10,9.63,10.46,0.40
2122,9.32,9.66,10.13,0.21
2123,9.33,9.68,10.32,0.30
2124,8.97,9.42,10.16,0.33
2125,8.98,9.22,9.60,0.18
2126,8.86,9.18,9.90,0.27
2127,8.96,9.29,10.26,0.35
2128,8.96,9.35,10.92,0.50
2129,9.09,9.34,9.74,0.15
2130,9.14,9.39,9.69,0.18
2131,9.01,9.30,9.72,0.19
2132,8.93,9.25,9.85,0.25
2133,9.00,9.40,10.53,0.38
2134,8.68,9.17,9.74,0.27
2135,9.02,9.29,9.63,0.19
2136,8.82,9.19,9.78,0.29
2137,8.98,9.21,9.88,0.21
2138,8.94,9.30,10.29,0.35
2139,9.03,9.19,9.64,0.16
2140,9.02,9.31,9.72,0.22
2141,9.05,9.22,9.88,0.22
2142,9.11,9.41,10.07,0.25
2143,9.01,9.24,10.14,0.30
2144,9.00,9.29,9.68,0.20
2145,9.07,9.33,9.93,0.20
2146,8.98,9.31,10.16,0.28
2147,9.05,9.27,9.89,0.22
2148,9.02,9.22,9.63,0.16
2149,8.97,9.38,10.57,0.34
2150,9.03,9.22,9.74,0.18
2151,9.04,9.33,9.72,0.18
2152,9.05,9.26,9.71,0.19
2153,9.05,9.31,9.83,0.19
2154,9.10,9.34,9.86,0.22
2155,9.05,9.33,9.88,0.20
2156,9.09,9.29,10.10,0.25
2157,9.10,9.35,9.79,0.19
2158,8.99,9.27,9.78,0.22
2159,8.69,9.05,9.22,0.12
2160,8.90,9.19,9.42,0.16
2161,9.11,9.29,9.95,0.23
2162,9.07,9.34,10.06,0.26
2163,8.82,9.33,10.12,0.29
2164,9.10,9.35,9.96,0.23
2165,9.18,9.41,10.04,0.23
2166,9.08,9.36,10.13,0.30
2167,9.20,9.42,10.09,0.23
2168,9.05,9.35,9.95,0.26
2169,9.15,9.35,10.08,0.23
2170,9.09,9.38,10.02,0.24
2171,9.09,9.35,10.09,0.28
2172,8.96,9.33,9.85,0.22
2173,9.52,9.69,10.12,0.15
2174,9.24,9.68,10.19,0.24
2175,10.18,10.87,12.75,0.65
2176,9.46,9.84,10.70,0.38
2177,9.48,9.72,10.11,0.18
2178,9.44,9.82,10.50,0.28
2179,9.12,9.64,10.26,0.30
2180,9.22,9.52,10.05,0.19
2181,9.34,9.52,9.83,0.14
2182,9.33,9.57,10.26,0.25
2183,9.24,9.52,10.18,0.24
2184,9.27,9.52,9.97,0.19
2185,9.25,9.49,9.82,0.18
2186,9.29,9.55,9.96,0.19
2187,9.32,9.52,9.89,0.15
2188,9.39,9.54,10.02,0.14
2189,9.24,9.56,10.05,0.19
2190,9.33,9.66,9.93,0.17
2191,9.25,9.54,10.18,0.24
2192,9.31,9.57,10.11,0.22
2193,9.19,9.50,9.97,0.20
2194,9.20,9.49,10.11,0.22
2195,9.16,9.43,9.71,0.16
2196,9.23,9.51,10.11,0.21
2197,9.05,9.48,10.11,0.24
2198,9.31,9.58,10.05,0.24
2199,9.26,9.48,9.83,0.16
2200,9.17,9.48,9.94,0.23
2201,9.31,9.50,10.02,0.20
2202,9.29,9.59,10.08,0.20
2203,9.34,9.60,10.55,0.30
2204,9.39,9.58,10.01,0.17
2205,9.34,9.54,9.88,0.15
2206,9.31,9.53,9.76,0.13
2207,9.05,9.54,10.28,0.27
2208,9.22,9.56,10.22,0.22
2209,9.31,9.53,10.00,0.20
2210,9.27,9.53,9.92,0.19
2211,9.32,9.57,10.31,0.24
2212,9.12,9.52,10.05,0.22
2213,9.32,9.56,9.97,0.18
2214,9.33,9.65,11.02,0.45
2215,9.37,9.60,10.05,0.17
2216,9.29,9.58,10.11,0.23
2217,9.30,9.58,9.99,0.18
2218,9.41,9.61,10.27,0.21
2219,9.25,9.59,10.18,0.21
2220,9.28,9.55,10.02,0.18
2221,9.25,9.56,10.30,0.25
2222,9.19,9.44,10.27,0.24
2223,9.35,9.60,10.29,0.24
2224,9.20,9.63,10.14,0.21
2225,9.37,9.62,10.11,0.20
2226,9.02,9.54,9.92,0.23
2227,9.40,9.64,10.16,0.21
2228,9.29,9.75,10.08,0.25
2229,9.43,9.89,10.81,0.34
2230,9.77,10.30,11.10,0.39
2231,9.70,10.55,11.68,0.63
2232,9.76,10.10,10.68,0.30
2233,9.73,10.00,10.58,0.23
2234,9.75,10.07,10.95,0.38
2235,9.23,9.74,10.77,0.39
2236,9.06,9.71,10.26,0.28
2237,9.49,9.68,9.99,0.14
2238,9.48,9.71,10.06,0.15
2239,9.50,9.64,10.20,0.17
2240,9.42,9.74,10.09,0.20
2241,9.43,9.65,10.28,0.22
2242,9.46,9.65,10.08,0.15
2243,9.52,9.69,10.17,0.14
2244,9.27,9.69,10.58,0.31
2245,9.52,9.73,10.46,0.23
2246,9.48,9.71,10.18,0.19
2247,9.43,9.70,10.15,0.20
2248,9.43,9.69,10.23,0.20
2249,9.53,9.72,10.36,0.23
2250,9.56,9.72,10.11,0.15
2251,9.62,9.78,10.02,0.12
2252,9.46,9.71,10.01,0.14
2253,9.51,9.75,10.25,0.20
2254,9.45,9.74,10.29,0.24
2255,9.50,9.70,10.18,0.17
2256,9.61,9.84,10.28,0.23
2257,9.52,9.79,10.66,0.27
2258,9.54,9.81,10.21,0.19
2259,9.51,9.74,10.22,0.18
2260,9.57,9.79,10.36,0.20
2261,9.53,9.78,10.23,0.20
2262,9.44,9.86,10.52,0.30
2263,9.25,9.69,10.29,0.23
2264,9.60,9.73,10.37,0.19
2265,9.49,9.80,10.21,0.18
2266,9.42,9.78,10.85,0.36
2267,9.55,9.93,10.69,0.32
2268,9.56,9.79,10.09,0.14
2269,9.53,9.81,10.37,0.23
2270,9.57,9.88,10.74,0.27
2271,9.62,9.84,10.84,0.29
2272,9.51,9.88,10.43,0.26
2273,9.53,9.78,10.66,0.28
2274,9.58,9.89,10.68,0.32
2275,9.60,9.89,10.76,0.30
2276,9.62,9.83,10.38,0.21
2277,9.58,9.88,10.43,0.21
2278,9.57,9.85,10.31,0.21
2279,9.59,9.78,10.13,0.13
2280,9.62,10.12,11.70,0.54
2281,9.62,9.85,10.26,0.18
2282,9.60,9.93,10.27,0.22
2283,10.01,10.29,11.42,0.37
2284,9.83,10.40,11.14,0.39
2285,9.91,11.07,11.69,0.45
2286,9.87,10.33,11.23,0.34
2287,9.92,10.27,11.12,0.29
2288,9.79,10.15,10.90,0.26
2289,9.63,10.10,11.66,0.55
2290,9.75,9.95,10.34,0.16
2291,9.20,9.76,10.64,0.32
2292,9.54,9.85,10.27,0.16
2293,9.61,9.86,10.42,0.19
2294,9.69,10.02,10.34,0.18
2295,9.52,9.90,10.63,0.28
2296,9.63,10.19,12.18,0.75
2297,9.74,9.96,10.63,0.24
2298,9.51,9.94,10.49,0.24
2299,10.13,11.13,11.58,0.48
2300,9.24,10.97,12.18,0.87
2301,9.69,10.26,11.61,0.62
2302,9.75,9.96,10.38,0.21
2303,9.69,9.94,10.44,0.22
2304,9.67,9.98,10.56,0.27
2305,9.60,9.94,10.47,0.23
2306,9.70,9.99,10.64,0.21
2307,9.63,10.08,11.25,0.38
2308,9.69,9.90,10.51,0.21
2309,9.60,9.97,10.59,0.25
2310,9.71,10.09,11.18,0.45
2311,9.72,10.32,11.93,0.67
2312,9.76,9.98,10.60,0.23
2313,9.65,9.97,10.63,0.24
2314,9.67,9.97,11.09,0.33
2315,9.31,9.98,11.11,0.47
2316,9.45,9.95,10.85,0.32
2317,9.60,9.97,10.47,0.20
2318,9.59,10.04,10.74,0.29
2319,9.61,9.99,10.67,0.23
2320,9.80,10.07,10.48,0.21
2321,9.84,10.09,10.75,0.23
2322,9.79,10.07,10.61,0.22
2323,9.74,10.12,10.78,0.23
2324,9.79,10.13,10.77,0.26
2325,9.74,9.99,10.56,0.19
2326,9.81,10.16,11.34,0.39
2327,9.78,10.02,10.56,0.19
2328,9.65,9.91,10.60,0.26
2329,9.84,10.09,10.53,0.19
2330,9.79,10.10,10.60,0.23
2331,9.74,10.09,10.71,0.24
2332,9.80,10.06,10.44,0.19
2333,9.64,9.91,10.57,0.24
2334,9.85,10.13,10.63,0.20
2335,9.75,10.17,10.75,0.26
2336,10.08,10.49,11.21,0.34
2337,10.25,10.83,11.46,0.38
2338,10.23,11.20,13.23,0.80
2339,10.06,10.58,12.02,0.54
2340,10.25,10.50,11.52,0.35
2341,10.32,11.28,11.88,0.37
2342,9.91,10.26,10.95,0.38
2343,9.96,10.23,10.76,0.24
2344,9.91,10.20,10.62,0.19
2345,9.88,10.12,10.79,0.24
2346,9.97,10.28,11.47,0.39
2347,9.83,10.14,10.98,0.30
2348,9.80,10.17,10.66,0.24
2349,9.82,10.15,10.60,0.20
2350,9.97,10.20,10.57,0.17
2351,9.91,10.16,10.57,0.17
2352,9.88,10.10,10.57,0.16
2353,9.89,10.15,10.62,0.19
2354,9.91,10.28,11.29,0.38
2355,9.88,10.14,10.43,0.12
2356,9.98,10.18,11.09,0.31
2357,9.92,10.26,10.70,0.23
2358,9.86,10.19,10.49,0.20
2359,9.96,10.21,10.64,0.17
2360,9.99,10.19,11.24,0.34
2361,9.97,10.22,10.65,0.20
2362,9.94,10.31,11.30,0.35
2363,9.93,10.27,11.64,0.45
2364,9.94,10.27,10.77,0.22
2365,9.91,10.22,10.92,0.24
2366,9.99,10.30,10.87,0.29
2367,9.86,10.24,10.98,0.28
2368,9.63,10.12,10.67,0.25
2369,10.04,10.19,10.69,0.16
2370,10.00,10.26,10.59,0.14
2371,10.07,10.27,10.74,0.20
2372,10.09,10.32,10.77,0.18
2373,9.86,10.34,11.57,0.40
2374,10.06,10.40,10.99,0.27
2375,10.02,10.33,10.90,0.23
2376,10.07,10.27,10.83,0.20
2377,10.00,10.28,10.76,0.21
2378,9.68,10.22,10.61,0.23
2379,10.12,10.36,10.79,0.20
2380,9.77,10.24,10.85,0.33
2381,9.92,10.33,10.86,0.27
2382,9.76,10.26,10.94,0.24
2383,9.85,10.27,10.74,0.23
2384,10.10,10.29,10.76,0.17
2385,10.15,10.39,10.65,0.13
2386,10.16,10.37,11.19,0.27
2387,9.44,10.98,11.93,0.67
2388,10.39,10.79,11.98,0.50
2389,10.50,11.29,11.80,0.33
2390,10.40,11.02,12.18,0.60
2391,10.43,10.82,11.35,0.31
2392,10.49,10.78,11.53,0.31
2393,10.33,10.72,11.56,0.33
2394,10.19,10.44,11.24,0.25
2395,10.11,10.43,11.05,0.25
2396,10.08,10.44,10.99,0.24
2397,9.43,10.35,11.99,0.57
2398,10.05,10.34,10.68,0.18
2399,10.10,10.38,10.96,0.25
2400,9.68,10.31,10.97,0.34
2401,9.91,10.41,11.40,0.39
2402,10.11,10.43,11.05,0.25
2403,10.21,10.42,10.91,0.18
2404,10.28,10.50,11.18,0.25
2405,10.15,10.43,11.03,0.28
2406,10.13,10.30,10.68,0.17
2407,10.19,10.45,10.82,0.19
2408,10.26,10.40,10.82,0.15
2409,10.20,10.50,11.39,0.30
2410,10.20,10.45,11.11,0.22
2411,10.26,10.44,10.89,0.17
2412,10.22,10.51,11.02,0.20
2413,10.26,10.47,10.96,0.20
2414,10.19,10.54,11.32,0.32
2415,10.20,10.41,10.80,0.16
2416,10.25,10.45,10.85,0.19
2417,10.33,11.60,13.06,0.73
2418,10.13,10.50,11.19,0.27
2419,10.15,10.52,10.94,0.23
2420,9.87,10.21,10.74,0.21
2421,10.06,10.38,10.70,0.15
2422,10.05,10.23,10.57,0.12
2423,9.38,10.32,10.60,0.27
2424,10.23,10.52,10.82,0.15
2425,10.16,10.42,10.98,0.21
2426,10.03,10.47,10.85,0.20
2427,10.29,10.64,11.77,0.39
2428,10.28,10.62,11.31,0.26
2429,10.26,10.53,11.35,0.27
2430,10.24,10.49,11.05,0.22
2431,10.34,10.56,11.34,0.24
2432,10.20,10.60,11.06,0.19
2433,10.23,11.05,12.19,0.70
2434,10.17,11.03,12.30,0.75
2435,10.23,10.55,11.09,0.23
2436,10.23,10.59,11.52,0.31
2437,9.97,10.50,11.00,0.29
2438,9.93,10.38,11.77,0.49
2439,9.93,10.34,11.42,0.34
2440,10.17,11.29,12.47,0.47
2441,10.13,10.43,11.02,0.27
2442,10.08,10.41,11.55,0.40
2443,10.04,10.35,10.84,0.23
2444,10.03,10.36,10.95,0.27
2445,10.02,10.27,11.20,0.31
2446,9.92,10.27,10.72,0.21
2447,10.01,10.25,10.57,0.16
2448,9.81,10.20,10.76,0.24
2449,9.73,10.14,10.45,0.19
2450,9.92,10.27,10.90,0.26
2451,10.06,10.94,12.36,0.74
2452,10.08,10.86,12.47,0.75
2453,10.04,10.40,10.79,0.20
2454,10.06,10.37,11.20,0.31
2455,10.23,10.68,11.04,0.18
2456,10.25,10.59,11.19,0.26
2457,10.07,10.49,11.85,0.42
2458,10.11,10.54,11.07,0.25
2459,10.30,10.69,11.05,0.21
2460,9.84,10.78,11.85,0.51
2461,10.26,10.66,11.25,0.28
2462,10.40,10.71,11.52,0.28
2463,10.03,10.58,11.33,0.35
2464,10.14,10.57,11.23,0.26
2465,10.24,10.60,11.37,0.29
2466,10.05,10.56,11.28,0.38
2467,10.13,10.43,11.60,0.37
2468,10.15,10.37,11.02,0.24
2469,10.17,10.45,10.96,0.21
2470,9.81,10.43,11.09,0.33
2471,9.69,10.33,10.89,0.32
2472,10.06,10.45,11.48,0.36
2473,10.05,10.42,11.07,0.24
2474,10.09,10.35,11.34,0.26
2475,10.16,10.48,11.20,0.29
2476,10.07,10.50,10.88,0.25
2477,10.46,10.76,11.14,0.19
2478,10.52,10.89,11.69,0.32
2479,10.46,10.71,11.03,0.18
2480,10.53,10.77,11.50,0.27
2481,10.61,10.84,11.30,0.18
2482,10.56,10.77,11.61,0.27
2483,10.41,10.74,11.39,0.27
2484,10.49,10.76,11.32,0.22
2485,10.52,10.85,11.37,0.24
2486,10.50,10.74,11.31,0.19
2487,10.32,11.26,15.26,1.32
2488,10.24,11.06,12.32,0.39
2489,10.63,11.13,11.72,0.26
2490,11.05,11.84,12.39,0.35
2491,10.59,11.20,12.65,0.67
2492,9.58,11.36,12.70,0.95
2493,10.45,10.94,12.59,0.53
2494,10.56,10.84,11.81,0.34
2495,10.11,10.60,11.62,0.43
2496,10.30,10.66,11.62,0.36
2497,10.03,10.48,11.05,0.29
2498,10.30,10.53,11.32,0.30
2499,10.17,10.50,11.03,0.21
2500,10.15,10.56,11.56,0.38
2501,10.27,10.51,11.02,0.23
2502,10.41,10.90,12.37,0.68
2503,10.26,11.58,12.45,0.81
2504,10.34,10.68,11.03,0.18
2505,10.61,10.80,11.44,0.22
2506,10.37,10.92,12.01,0.40
2507,10.65,10.88,11.50,0.23
2508,10.69,10.91,11.15,0.15
2509,10.59,10.78,11.42,0.20
2510,10.46,10.81,11.57,0.28
2511,10.54,10.82,11.23,0.17
2512,10.62,10.86,11.24,0.19
2513,10.55,10.97,12.32,0.46
2514,10.65,10.92,11.60,0.28
2515,10.59,10.93,12.26,0.46
2516,10.59,10.92,11.53,0.23
2517,10.67,10.99,11.61,0.31
2518,10.61,10.83,11.45,0.21
2519,10.62,10.90,11.30,0.19
2520,10.68,10.90,11.41,0.20
2521,10.66,10.93,11.65,0.26
2522,10.40,10.94,11.35,0.24
2523,10.79,10.95,11.30,0.13
2524,10.63,10.99,11.92,0.32
2525,10.46,10.96,12.01,0.34
2526,10.74,10.97,11.90,0.31
2527,10.70,11.02,12.04,0.33
2528,10.71,10.96,11.45,0.19
2529,10.80,12.01,12.80,0.54
2530,10.70,10.98,11.46,0.20
2531,10.77,11.02,11.65,0.24
2532,10.79,11.07,11.65,0.27
2533,10.73,10.96,11.39,0.17
2534,10.62,11.04,12.09,0.33
2535,10.64,10.96,11.44,0.19
2536,10.73,11.08,11.80,0.25
2537,10.79,11.34,12.08,0.34
2538,10.97,11.33,12.06,0.26
2539,12.09,12.43,12.71,0.13
2540,11.16,11.49,12.72,0.43
2541,11.20,11.53,12.93,0.48
2542,11.07,11.38,11.93,0.25
2543,10.83,11.40,12.08,0.34
2544,10.81,11.21,12.45,0.45
2545,10.90,11.08,11.91,0.28
2546,10.87,11.08,11.45,0.15
2547,10.66,11.08,12.49,0.35
2548,10.83,12.06,12.90,0.56
2549,10.62,11.10,11.61,0.27
2550,10.77,11.06,11.80,0.28
2551,10.77,11.13,11.92,0.27
2552,10.82,11.14,11.69,0.23
2553,10.65,11.00,11.38,0.23
2554,10.88,11.13,12.11,0.33
2555,10.89,11.23,12.06,0.33
2556,10.60,11.00,11.38,0.20
2557,10.78,11.18,11.79,0.34
2558,10.65,11.12,11.87,0.31
2559,10.93,11.19,11.78,0.23
2560,10.81,11.14,11.77,0.24
2561,10.87,11.16,11.99,0.28
2562,10.89,11.11,11.56,0.18
2563,10.94,11.11,11.60,0.17
2564,10.94,11.68,12.73,0.64
2565,10.67,11.76,12.76,0.74
2566,10.77,11.07,11.54,0.23
2567,10.74,11.12,11.70,0.26
2568,10.81,11.14,11.75,0.25
2569,10.79,11.27,12.42,0.44
2570,11.05,12.35,12.88,0.50
2571,11.81,12.84,14.28,0.62
2572,10.69,11.18,12.64,0.45
2573,10.69,11.01,11.39,0.18
2574,10.57,11.07,11.65,0.22
2575,10.71,11.14,11.57,0.20
2576,10.90,11.15,11.65,0.19
2577,11.07,11.35,12.12,0.28
2578,10.80,11.20,11.72,0.24
2579,10.88,11.17,11.73,0.24
2580,10.79,11.14,11.81,0.27
2581,10.77,11.20,11.80,0.26
2582,10.71,11.28,11.77,0.31
2583,10.41,11.15,11.59,0.25
2584,11.08,11.52,12.30,0.28
2585,11.29,11.59,12.34,0.27
2586,12.27,12.54,12.94,0.20
2587,11.39,11.79,13.15,0.46
2588,11.39,11.68,12.65,0.37
2589,11.33,11.64,12.29,0.29
2590,11.30,11.64,12.38,0.27
2591,10.82,11.27,12.09,0.34
2592,10.89,11.23,11.60,0.17
2593,10.65,11.11,11.62,0.26
2594,10.98,11.20,11.68,0.18
2595,10.96,11.28,11.73,0.22
2596,10.99,11.31,11.76,0.19
2597,10.68,11.27,11.67,0.25
2598,10.94,11.23,11.56,0.16
2599,10.89,11.25,11.70,0.20
2600,10.77,11.26,11.78,0.28
2601,10.99,11.29,11.77,0.19
2602,10.91,11.28,12.23,0.32
2603,10.93,11.26,11.84,0.25
2604,11.08,11.27,11.76,0.17
2605,11.11,12.32,13.30,0.61
2606,10.69,11.45,13.27,0.57
2607,11.09,11.35,11.71,0.18
2608,11.08,11.38,11.78,0.22
2609,10.72,11.20,11.75,0.27
2610,11.21,11.37,11.79,0.18
2611,11.09,11.40,12.06,0.25
2612,11.05,11.27,11.51,0.12
2613,11.11,11.38,11.96,0.24
2614,11.05,11.40,11.89,0.24
2615,11.05,11.35,11.94,0.23
2616,10.81,11.26,11.76,0.24
2617,11.07,11.32,11.84,0.19
2618,10.76,11.25,11.95,0.30
2619,10.98,11.33,11.82,0.19
2620,11.08,11.34,11.83,0.19
2621,11.12,11.34,11.84,0.19
2622,11.13,11.48,11.92,0.19
2623,11.19,11.51,12.58,0.37
2624,11.06,11.34,11.84,0.24
2625,11.06,11.49,12.29,0.37
2626,11.19,11.43,12.12,0.25
2627,11.12,11.46,11.80,0.22
2628,11.41,11.81,12.29,0.27
2629,11.31,11.81,12.92,0.40
2630,12.73,13.33,14.23,0.44
2631,11.69,12.09,13.82,0.61
2632,11.50,11.91,12.91,0.35
2633,11.52,11.86,12.59,0.29
2634,11.53,11.86,12.65,0.31
2635,11.33,11.99,12.64,0.41
2636,11.30,11.76,12.76,0.39
2637,11.80,12.12,12.56,0.21
2638,11.17,11.58,12.80,0.44
2639,11.34,11.59,12.06,0.20
2640,11.21,11.53,12.51,0.36
2641,11.06,11.49,11.86,0.23
2642,11.28,11.54,12.18,0.27
2643,11.31,11.63,12.37,0.28
2644,11.18,11.51,11.84,0.19
2645,11.24,11.52,12.29,0.28
2646,11.33,12.32,12.91,0.53
2647,10.66,11.87,13.55,0.82
2648,11.43,11.63,12.28,0.21
2649,11.42,11.69,12.50,0.32
2650,11.53,12.45,13.50,0.54
2651,10.71,12.72,14.08,0.99
2652,10.93,11.81,13.80,0.79
2653,11.27,11.50,11.88,0.17
2654,11.29,11.65,12.20,0.20
2655,11.16,11.55,11.99,0.19
2656,11.37,11.56,12.05,0.19
2657,11.16,11.61,12.33,0.30
2658,11.16,11.58,12.13,0.27
2659,11.37,11.65,12.23,0.24
2660,11.37,11.68,12.10,0.21
2661,11.25,11.58,12.28,0.26
2662,11.33,11.62,12.59,0.32
2663,11.36,11.70,12.22,0.25
2664,11.34,11.67,12.53,0.30
2665,11.26,11.65,12.14,0.26
2666,11.44,11.70,12.48,0.28
2667,11.42,11.84,12.35,0.35
2668,11.41,11.77,12.48,0.29
2669,11.38,11.78,12.75,0.43
2670,11.91,12.29,13.10,0.35
2671,11.84,12.17,13.45,0.43
2672,11.64,12.89,14.68,0.81
2673,11.88,13.05,15.21,1.03
2674,11.64,12.30,13.45,0.50
2675,11.58,11.98,13.38,0.48
2676,11.58,11.91,12.75,0.33
2677,11.42,11.80,12.71,0.41
2678,11.29,11.59,11.78,0.15
2679,11.33,11.54,11.85,0.12
2680,11.38,11.69,12.48,0.30
2681,11.41,11.75,12.67,0.38
2682,11.46,11.77,12.53,0.24
2683,11.37,11.60,12.13,0.21
2684,11.04,11.39,12.17,0.34
2685,11.15,11.61,12.06,0.25
2686,11.22,11.64,12.26,0.26
2687,11.36,11.71,12.34,0.26
2688,11.27,11.70,12.36,0.27
2689,11.35,11.74,12.69,0.34
2690,11.46,11.71,12.26,0.22
2691,11.53,11.79,12.81,0.35
2692,11.43,11.75,12.04,0.17
2693,11.44,11.69,12.36,0.25
2694,11.43,11.67,12.21,0.19
2695,11.39,11.66,12.02,0.17
2696,11.23,11.58,12.22,0.24
2697,11.42,11.75,12.16,0.25
2698,11.41,11.79,12.97,0.40
2699,11.47,11.72,12.19,0.18
2700,11.45,11.68,12.06,0.16
2701,11.50,11.68,12.19,0.18
2702,11.46,11.70,12.14,0.17
2703,11.42,11.76,12.34,0.24
2704,11.20,11.68,12.09,0.25
2705,11.52,11.77,12.10,0.18
2706,11.44,12.44,13.31,0.71
2707,11.17,12.20,14.14,0.80
2708,11.54,11.78,12.44,0.26
2709,11.24,11.74,12.42,0.29
2710,11.56,11.81,12.61,0.32
2711,11.60,11.81,12.23,0.20
2712,10.90,11.68,12.51,0.36
2713,11.50,11.87,12.49,0.20
2714,11.45,11.73,12.25,0.21
2715,11.48,11.99,12.34,0.22
2716,11.91,12.21,13.29,0.38
2717,11.78,12.74,13.60,0.55
2718,11.69,12.69,14.05,0.77
2719,11.96,12.26,12.90,0.26
2720,11.61,12.13,13.75,0.53
2721,11.31,11.70,12.78,0.38
2722,11.47,11.98,12.61,0.31
2723,11.38,11.84,12.43,0.28
2724,11.62,11.82,12.25,0.16
2725,11.50,11.88,12.57,0.26
2726,11.55,11.97,12.45,0.26
2727,11.49,11.90,12.83,0.34
2728,11.55,11.87,12.16,0.17
2729,11.19,11.78,12.95,0.42
2730,11.56,11.82,12.30,0.17
2731,11.47,11.90,13.37,0.50
2732,11.62,11.86,12.30,0.20
2733,11.68,12.02,12.73,0.28
2734,11.64,11.95,13.22,0.43
2735,11.60,11.86,12.41,0.20
2736,11.59,11.88,12.87,0.32
2737,11.27,11.78,12.54,0.30
2738,11.63,11.93,12.37,0.20
2739,11.52,11.91,12.34,0.22
2740,11.59,11.96,12.48,0.23
2741,11.67,11.87,12.43,0.21
2742,11.63,11.96,13.07,0.42
2743,11.52,11.88,12.33,0.22
2744,11.59,11.90,12.79,0.33
2745,11.69,11.99,12.56,0.27
2746,11.20,11.82,12.56,0.30
2747,11.27,11.92,12.56,0.29
2748,11.69,11.95,12.64,0.24
2749,11.70,12.03,12.78,0.28
2750,11.64,11.96,12.47,0.22
2751,11.56,11.94,12.36,0.24
2752,11.71,12.04,12.52,0.24
2753,11.79,11.98,12.41,0.17
2754,11.44,11.99,12.45,0.26
2755,11.72,12.01,12.72,0.26
2756,11.70,11.96,12.94,0.32
2757,11.82,11.97,12.35,0.15
2758,11.65,12.15,13.21,0.39
2759,11.50,11.94,12.53,0.28
2760,11.81,13.05,16.34,1.10
2761,12.56,13.09,13.99,0.42
2762,12.58,13.67,14.63,0.66
2763,12.19,13.03,13.92,0.47
2764,12.17,12.78,13.80,0.55
2765,12.02,12.43,13.98,0.50
2766,11.82,12.33,13.53,0.40
2767,11.72,11.98,12.40,0.15
2768,11.70,12.28,13.49,0.46
2769,11.81,12.05,12.38,0.16
2770,11.55,11.98,12.93,0.34
2771,11.71,12.12,12.73,0.30
2772,11.73,12.86,14.25,0.78
2773,11.85,12.14,12.46,0.18
2774,11.87,12.11,12.99,0.30
2775,11.89,12.15,12.77,0.24
2776,11.70,12.07,12.73,0.26
2777,11.76,12.14,13.18,0.38
2778,11.88,12.15,12.52,0.19
2779,11.74,12.13,12.61,0.25
2780,11.21,13.42,14.48,0.76
2781,11.11,12.23,15.64,0.84
2782,11.83,12.14,12.88,0.25
2783,11.75,12.14,12.87,0.28
2784,11.90,12.14,12.63,0.22
2785,11.86,12.08,12.60,0.18
2786,11.85,12.14,12.93,0.27
2787,11.84,12.12,12.69,0.23
2788,11.94,12.17,12.79,0.21
2789,11.90,12.12,12.51,0.18
2790,11.85,12.09,12.58,0.20
2791,11.86,12.10,12.49,0.17
2792,11.58,12.10,13.09,0.36
2793,11.37,11.97,12.59,0.32
2794,11.95,12.36,13.13,0.34
2795,11.81,12.25,12.86,0.34
2796,12.37,13.32,14.02,0.44
2797,11.85,12.47,14.04,0.55
2798,11.90,12.27,12.80,0.22
2799,11.98,12.23,12.99,0.29
2800,11.82,12.19,13.40,0.39
2801,11.88,12.17,12.96,0.26
2802,11.75,12.11,12.66,0.22
2803,11.79,12.45,12.98,0.29
2804,12.09,12.56,13.23,0.33
2805,12.37,13.59,14.04,0.40
2806,12.35,12.83,13.94,0.51
2807,12.33,13.22,14.05,0.43
2808,12.65,13.13,14.13,0.37
2809,12.50,13.61,14.47,0.60
2810,12.02,12.25,12.65,0.16
2811,11.79,12.19,12.68,0.21
2812,11.77,12.19,13.07,0.32
2813,11.91,12.27,13.03,0.26
2814,12.49,13.46,13.97,0.41
2815,11.96,12.16,12.69,0.17
2816,12.67,13.44,14.25,0.47
2817,11.96,12.41,13.44,0.39
2818,11.69,12.27,13.49,0.45
2819,11.87,12.18,12.87,0.25
2820,12.11,12.37,13.02,0.26
2821,11.88,12.21,12.76,0.23
2822,12.18,13.47,14.18,0.55
2823,11.28,13.30,15.29,1.13
2824,12.05,12.31,12.74,0.18
2825,11.48,12.11,13.23,0.36
2826,10.16,12.25,13.31,0.59
2827,11.33,12.98,15.60,1.24
2828,11.93,12.16,12.64,0.14
2829,12.01,12.31,12.79,0.18
2830,12.06,12.39,13.34,0.31
2831,11.97,12.31,13.06,0.29
2832,11.63,12.16,12.68,0.31
2833,11.89,12.28,12.81,0.23
2834,11.95,12.29,12.79,0.22
2835,11.47,12.19,12.87,0.32
2836,12.08,12.31,12.72,0.14
2837,12.12,12.34,12.95,0.20
2838,12.12,12.30,12.88,0.20
2839,12.08,13.33,14.99,0.68
2840,12.18,12.48,13.69,0.31
2841,12.11,12.43,12.98,0.23
2842,12.04,12.36,12.88,0.21
2843,12.05,12.28,12.84,0.21
2844,12.02,12.41,13.28,0.33
2845,11.60,12.48,13.28,0.42
2846,12.31,13.41,14.81,0.53
2847,12.16,12.78,14.65,0.57
2848,12.19,12.47,13.30,0.33
2849,12.08,12.42,12.88,0.20
2850,12.03,12.31,12.65,0.17
2851,12.62,13.69,13.96,0.35
2852,12.09,12.46,13.14,0.30
2853,12.04,12.48,13.80,0.45
2854,12.19,12.40,12.84,0.18
2855,12.15,12.36,12.83,0.18
2856,12.12,12.40,12.88,0.20
2857,12.15,12.48,12.81,0.22
2858,12.22,12.41,12.98,0.19
2859,11.94,12.23,12.93,0.26
2860,11.74,12.17,12.42,0.19
2861,12.15,12.37,12.86,0.21
2862,12.13,13.42,14.16,0.57
2863,12.16,12.47,13.04,0.25
2864,11.71,12.55,13.95,0.49
2865,12.15,12.51,13.74,0.42
2866,12.27,13.67,14.38,0.55
2867,12.14,12.42,13.04,0.22
2868,12.23,12.45,12.87,0.17
2869,12.19,12.56,13.64,0.38
2870,12.26,12.46,12.71,0.13
2871,12.12,12.51,13.28,0.32
2872,12.05,12.42,13.05,0.28
2873,12.14,12.48,13.05,0.24
2874,12.21,12.51,13.07,0.27
2875,12.47,13.61,15.03,0.80
2876,12.25,12.53,13.29,0.28
2877,12.27,12.51,12.94,0.15
2878,12.23,12.50,13.11,0.24
2879,12.24,12.60,13.78,0.40
2880,12.28,12.58,12.88,0.17
2881,11.98,12.57,13.19,0.31
2882,12.10,12.45,12.87,0.19
2883,12.34,12.55,13.32,0.26
2884,12.23,12.52,13.15,0.23
2885,12.33,12.53,13.00,0.18
2886,12.24,12.56,13.32,0.28
2887,12.19,12.51,12.94,0.18
2888,12.39,12.83,13.32,0.24
2889,12.65,12.91,13.58,0.24
2890,12.26,12.64,13.87,0.44
2891,12.25,12.55,12.99,0.17
2892,12.27,12.55,13.10,0.20
2893,12.37,12.59,12.98,0.16
2894,12.24,12.64,14.12,0.44
2895,12.21,12.64,13.45,0.30
2896,12.15,12.51,13.02,0.20
2897,12.25,12.61,13.25,0.24
2898,12.26,12.60,13.63,0.38
2899,12.20,12.56,13.26,0.29
2900,12.36,12.79,13.89,0.42
2901,12.37,12.72,13.69,0.38
2902,12.36,12.68,13.22,0.22
2903,12.49,12.73,13.77,0.33
2904,12.39,12.61,13.12,0.19
2905,12.30,12.64,13.13,0.20
2906,12.37,12.60,13.13,0.20
2907,12.38,12.68,13.35,0.25
2908,12.37,12.62,13.08,0.19
2909,12.44,12.68,13.02,0.18
2910,12.44,12.72,13.13,0.18
2911,12.18,12.55,13.08,0.24
2912,12.39,12.70,13.22,0.23
2913,12.52,12.84,13.52,0.25
2914,11.86,12.60,13.50,0.38
2915,12.54,12.84,13.49,0.26
2916,12.49,12.79,13.29,0.21
2917,12.41,12.74,13.51,0.26
2918,12.50,12.73,13.27,0.19
2919,12.42,12.76,13.26,0.20
2920,12.52,12.80,13.38,0.23
2921,12.57,12.83,13.25,0.20
2922,12.46,12.81,13.52,0.26
2923,12.51,12.79,13.61,0.28
2924,12.44,12.73,13.53,0.30
2925,12.61,12.92,13.44,0.20
2926,12.57,12.93,14.12,0.43
2927,12.52,12.84,13.16,0.19
2928,12.53,12.84,13.37,0.23
2929,12.21,12.71,13.76,0.37
2930,12.85,13.68,14.39,0.55
2931,12.77,13.20,14.44,0.43
2932,12.43,12.79,13.64,0.28
2933,12.62,12.92,13.34,0.23
2934,12.54,12.87,13.53,0.25
2935,12.44,12.71,13.15,0.19
2936,12.42,12.64,13.22,0.20
2937,12.54,12.75,13.36,0.22
2938,12.57,12.84,13.71,0.31
2939,12.14,12.72,13.31,0.32
2940,12.53,12.80,13.69,0.29
2941,12.40,13.08,14.70,0.60
2942,12.69,13.27,14.22,0.52
2943,11.89,12.83,13.60,0.52
2944,12.54,13.07,14.68,0.57
2945,12.41,13.02,16.14,0.86
2946,12.66,12.86,13.30,0.20
2947,12.60,12.82,13.22,0.20
2948,12.55,12.82,13.38,0.21
2949,12.53,12.86,13.31,0.21
2950,12.41,12.82,13.60,0.30
2951,12.61,12.98,13.72,0.37
2952,12.67,12.87,13.18,0.18
2953,12.61,12.82,13.24,0.16
2954,12.57,12.90,13.91,0.33
2955,12.34,12.81,13.59,0.29
2956,12.55,12.94,14.14,0.43
2957,12.61,12.89,13.37,0.20
2958,12.66,13.04,14.06,0.44
2959,13.57,14.18,15.18,0.42
2960,12.23,13.72,14.74,0.69
2961,12.23,12.66,13.63,0.30
2962,12.96,13.21,13.87,0.28
2963,12.95,13.56,14.75,0.55
2964,12.53,13.68,14.65,0.78
2965,12.60,12.98,13.49,0.24
2966,12.52,12.94,13.63,0.28
2967,12.56,12.87,13.51,0.24
2968,12.64,12.90,13.57,0.25
2969,12.47,12.88,13.39,0.25
2970,12.46,12.96,13.40,0.25
2971,12.83,13.32,14.13,0.35
2972,12.54,13.26,14.48,0.43
2973,13.65,14.40,15.07,0.39
2974,13.06,13.44,14.42,0.39
2975,12.93,14.08,15.01,0.51
2976,12.92,13.37,14.55,0.40
2977,12.53,13.27,14.60,0.47
2978,12.65,13.09,14.33,0.44
2979,12.73,13.01,13.64,0.25
2980,12.69,13.02,13.80,0.27
2981,12.70,12.99,14.18,0.40
2982,12.78,13.02,13.53,0.19
2983,12.61,13.03,13.60,0.33
2984,12.73,12.97,13.69,0.28
2985,12.38,12.97,14.37,0.46
2986,12.80,13.07,13.55,0.25
2987,12.74,13.01,13.75,0.29
2988,12.41,13.02,13.81,0.33
2989,12.74,12.99,13.50,0.18
2990,12.71,13.04,13.81,0.30
2991,12.63,13.04,14.07,0.40
2992,12.69,12.97,13.48,0.19
2993,12.43,12.90,13.46,0.24
2994,12.79,13.01,13.62,0.22
2995,12.76,13.17,13.87,0.32
2996,12.83,13.13,14.47,0.46
2997,12.65,13.08,13.91,0.33
2998,12.80,13.06,13.80,0.27
2999,12.81,13.15,13.63,0.25
3000,12.74,13.96,15.11,0.72
3001,12.53,13.28,16.24,0.91
3002,12.65,13.00,13.68,0.24
3003,12.81,13.06,13.75,0.23
3004,12.79,13.08,14.14,0.32
3005,12.73,13.06,13.51,0.22
3006,12.75,13.04,13.90,0.29
3007,12.74,13.06,13.88,0.29
3008,12.77,13.15,13.90,0.32
3009,12.71,13.10,13.88,0.28
3010,12.81,13.17,13.68,0.25
3011,12.73,13.25,13.80,0.30
3012,12.88,13.48,14.27,0.44
3013,13.17,14.84,16.74,0.92
3014,13.24,14.01,15.64,0.81
3015,13.10,13.60,14.43,0.39
3016,13.10,13.60,15.36,0.59
3017,13.24,13.66,15.16,0.51
3018,12.65,13.35,14.52,0.55
3019,12.68,13.09,14.00,0.36
3020,12.57,13.13,13.71,0.36
3021,12.80,13.16,13.77,0.24
3022,12.92,13.19,14.19,0.35
3023,12.70,13.14,13.81,0.26
3024,12.88,13.15,13.55,0.17
3025,12.97,13.26,14.15,0.33
3026,12.50,13.14,13.66,0.29
3027,13.04,14.41,15.11,0.66
3028,12.79,13.11,13.57,0.21
3029,12.88,13.23,13.96,0.32
3030,12.62,13.11,14.85,0.59
3031,12.96,13.23,13.68,0.19
3032,12.90,13.20,13.94,0.27
3033,12.88,13.18,13.87,0.29
3034,13.14,13.31,14.03,0.25
3035,12.90,13.22,13.64,0.21
3036,12.74,13.19,14.01,0.32
3037,12.93,13.30,14.24,0.35
3038,12.85,13.26,13.88,0.31
3039,12.97,13.26,14.00,0.28
3040,12.89,13.29,14.11,0.32
3041,12.92,13.27,14.12,0.30
3042,12.89,13.20,13.79,0.27
3043,13.06,13.46,14.05,0.23
3044,13.01,13.49,14.05,0.24
3045,13.23,13.50,14.17,0.27
3046,12.69,14.16,15.27,0.73
3047,12.74,13.44,14.37,0.38
3048,13.07,13.49,13.94,0.21
3049,13.13,13.51,14.21,0.32
3050,12.88,13.38,13.71,0.21
3051,13.01,14.36,15.93,0.97
3052,13.34,14.34,15.63,0.50
3053,11.52,14.24,17.58,1.19
3054,13.13,14.26,16.06,0.86
3055,12.88,13.34,14.32,0.38
3056,12.53,13.34,14.39,0.47
3057,13.26,13.55,14.08,0.22
3058,12.86,14.22,15.07,0.87
3059,13.09,13.92,15.24,0.84
3060,13.04,13.39,14.51,0.41
3061,13.03,13.35,13.90,0.26
